"conversation_id_str","created_at","favorite_count","full_text","id_str","image_url","in_reply_to_screen_name","lang","location","quote_count","reply_count","retweet_count","tweet_url","user_id_str","username"
"1918881182004937123","Sun May 04 11:53:27 +0000 2025","0","@Top8rendusara @mas_djono @DokFun @AsepWitoko @Partono_ADjem Tatonya gambar kecap bango","1918997398799474981","","Top8rendusara","in","Indonesia ","0","0","0","https://x.com/panca66/status/1918997398799474981","82042655","panca66"
"1918975767955857777","Sun May 04 10:27:30 +0000 2025","7","Biasa cah nom https://t.co/MSxMvTTJBQ","1918975767955857777","https://pbs.twimg.com/media/GqGSSpGbQAA-N7Q.jpg","","in","Indonesia ","0","0","0","https://x.com/panca66/status/1918975767955857777","82042655","panca66"
"1918881182004937123","Sun May 04 10:20:33 +0000 2025","0","@mas_djono @Top8rendusara @DokFun @AsepWitoko @Partono_ADjem Hoammm https://t.co/OBYtg9TOO3","1918974018654245370","https://pbs.twimg.com/media/GqGQsvbbEAADIcN.jpg","mas_djono","es","Indonesia ","0","1","0","https://x.com/panca66/status/1918974018654245370","82042655","panca66"
"1918924723431325700","Sun May 04 07:55:42 +0000 2025","0","@UmarHasibuan__ @Andiarief__ Ketiduran semalam pung wkwkwk","1918937566038130782","","UmarHasibuan__","in","Indonesia ","0","0","0","https://x.com/panca66/status/1918937566038130782","82042655","panca66"
"1918924723431325700","Sun May 04 07:05:42 +0000 2025","0","@Andiarief__ @UmarHasibuan__ Dapat kabar aja kita pung wkwkwk","1918924981783630026","","Andiarief__","in","Indonesia ","0","1","0","https://x.com/panca66/status/1918924981783630026","82042655","panca66"
"1918904841625341976","Sun May 04 07:04:29 +0000 2025","0","@Top8rendusara @Mas_Hario @UmarHasibuan__ Jibi","1918924676161548372","","Top8rendusara","in","Indonesia ","0","1","0","https://x.com/panca66/status/1918924676161548372","82042655","panca66"
"1918881182004937123","Sun May 04 05:46:34 +0000 2025","0","@mas_djono @Top8rendusara @DokFun @AsepWitoko @Partono_ADjem Ada apa nih kok rame benar. Lagi malas ngomongin bola","1918905070357541140","","mas_djono","in","Indonesia ","0","1","0","https://x.com/panca66/status/1918905070357541140","82042655","panca66"
"1918904841625341976","Sun May 04 05:45:40 +0000 2025","2","Wkwkwk suruh opung @UmarHasibuan__ aja ngadepin memed bro","1918904841625341976","","","in","Indonesia ","0","1","0","https://x.com/panca66/status/1918904841625341976","82042655","panca66"
"1918164150179774611","Fri May 02 07:00:19 +0000 2025","2","@msaid_didu @mohmahfudmd @husainabdullah1 @anasurbaningrum Klub abal2 kok diurusin ","1918198851959439547","","msaid_didu","in","Indonesia ","0","0","0","https://x.com/panca66/status/1918198851959439547","82042655","panca66"
"1917715040297443424","Thu May 01 13:48:05 +0000 2025","1","@UmarHasibuan__ Ngakak lihat opung dkk rame pake baju kotak2 dulu wkwkwk","1917939080635224230","","UmarHasibuan__","in","Indonesia ","0","0","0","https://x.com/panca66/status/1917939080635224230","82042655","panca66"
"1917715040297443424","Thu May 01 13:33:04 +0000 2025","4","@UmarHasibuan__ Itu temannya siapa aja tuh pung? ","1917935305409380727","","UmarHasibuan__","in","Indonesia ","0","0","0","https://x.com/panca66/status/1917935305409380727","82042655","panca66"
"1917362414116561185","Wed Apr 30 08:57:17 +0000 2025","0","@faroq_abusiri Ya ndak tahu kok tanya saya","1917503510616367448","","faroq_abusiri","in","Indonesia ","0","0","0","https://x.com/panca66/status/1917503510616367448","82042655","panca66"
"1917248236248789363","Wed Apr 30 01:48:07 +0000 2025","0","@UmarHasibuan__ @suryadelalu @msaid_didu @tatakujiyati Jepret dulu https://t.co/tYl5SDqAF9","1917395507565191388","https://pbs.twimg.com/media/Gpv1DZiaYAYwXV2.jpg","UmarHasibuan__","in","Indonesia ","0","0","0","https://x.com/panca66/status/1917395507565191388","82042655","panca66"
"1917248236248789363","Wed Apr 30 01:27:42 +0000 2025","0","@suryadelalu @msaid_didu @tatakujiyati Arsenal jadi juara tandanya kiamat udah dekat kata opung @UmarHasibuan__","1917390371707052052","","suryadelalu","in","Indonesia ","0","1","0","https://x.com/panca66/status/1917390371707052052","82042655","panca66"
"1917371719351951401","Wed Apr 30 01:21:43 +0000 2025","0","@Top8rendusara @UmarHasibuan__ @savicali Nanti di Paris Partey dah bisa main. Pasti menang Arsenal ","1917388863947039193","","Top8rendusara","in","Indonesia ","0","1","0","https://x.com/panca66/status/1917388863947039193","82042655","panca66"
"1917379176971264426","Wed Apr 30 01:20:35 +0000 2025","0","@Top8rendusara @suryadelalu @awemany Benar mirip Anies wkwkwk","1917388581133508982","","Top8rendusara","in","Indonesia ","0","0","1","https://x.com/panca66/status/1917388581133508982","82042655","panca66"
"1917375779215995214","Wed Apr 30 01:20:02 +0000 2025","0","@UmarHasibuan__ Pantatnya gowel2 itu yang bawa sial pung","1917388441580626432","","UmarHasibuan__","in","Indonesia ","0","0","0","https://x.com/panca66/status/1917388441580626432","82042655","panca66"
"1917375779215995214","Wed Apr 30 00:29:43 +0000 2025","1","Gue curiga adminnya opung gue nih wkwkwk @UmarHasibuan__","1917375779215995214","","","in","Indonesia ","0","1","0","https://x.com/panca66/status/1917375779215995214","82042655","panca66"
"1917372164900282485","Wed Apr 30 00:24:26 +0000 2025","0","@UmarHasibuan__ Aman pung saksikan pembalasan meriam London","1917374449667694717","","UmarHasibuan__","in","Indonesia ","0","0","0","https://x.com/panca66/status/1917374449667694717","82042655","panca66"
"1917248236248789363","Wed Apr 30 00:21:18 +0000 2025","7","@msaid_didu @tatakujiyati Baru bicara sekarang kan dia baru jadi gubernur puang?","1917373659376934980","","msaid_didu","in","Indonesia ","0","1","0","https://x.com/panca66/status/1917373659376934980","82042655","panca66"
"1917372164900282485","Wed Apr 30 00:17:21 +0000 2025","0","Pembalasan di Paris minggu depan pung @UmarHasibuan__","1917372665037480147","","panca66","in","Indonesia ","0","1","0","https://x.com/panca66/status/1917372665037480147","82042655","panca66"
"1917372164900282485","Wed Apr 30 00:15:21 +0000 2025","0","Wkwkwk ancooorrr pung","1917372164900282485","","","in","Indonesia ","0","1","0","https://x.com/panca66/status/1917372164900282485","82042655","panca66"
"1917362414116561185","Tue Apr 29 23:36:37 +0000 2025","8","Narkoba di Sumbar udah merajalela benar. Tahun 2025 baru 4 bulan sudah ditangkap 499 orang tersangkut narkoba. Kasusnya 388 kasus. Penetrasinya massif benar! https://t.co/YvsAdhx3YH","1917362414116561185","https://pbs.twimg.com/ext_tw_video_thumb/1917362187431206916/pu/img/OBC9jJgS7h58PIdk.jpg","","in","Indonesia ","0","3","3","https://x.com/panca66/status/1917362414116561185","82042655","panca66"
"1917322185783533819","Tue Apr 29 20:56:45 +0000 2025","0","Terima kasih mewakili","1917322185783533819","","","in","Indonesia ","0","1","0","https://x.com/panca66/status/1917322185783533819","82042655","panca66"
"1917300930493702203","Tue Apr 29 20:07:33 +0000 2025","0","@Top8rendusara Sabar wkwkwk","1917309801857757205","","Top8rendusara","in","Indonesia ","0","0","0","https://x.com/panca66/status/1917309801857757205","82042655","panca66"
"1917114928735129927","Tue Apr 29 07:43:17 +0000 2025","0","@Top8rendusara @suryadelalu @DokFun @Partono_ADjem @OssyDermawan @MIrvanDarwin1 @kokokdirgantoro @AsepWitoko @wilsonsitorus Lagi konsen semifinal Champion ntar pagi nga mikiriin Emyuk","1917122499973943421","","Top8rendusara","in","Indonesia ","1","1","1","https://x.com/panca66/status/1917122499973943421","82042655","panca66"
"1917094149939204160","Tue Apr 29 05:50:37 +0000 2025","11","Pejabat publik ya wajar dikritik. Masa karena bukan orang Sunda nga boleh mengkritik KDM. Pola pikir macam apa ini?","1917094149939204160","","","in","Indonesia ","0","5","3","https://x.com/panca66/status/1917094149939204160","82042655","panca66"
"1916729644365259092","Mon Apr 28 08:29:35 +0000 2025","1","@MIrvanDarwin1 Tokok palo stek Van wkwkwk","1916771766996762709","","MIrvanDarwin1","in","Indonesia ","0","1","0","https://x.com/panca66/status/1916771766996762709","82042655","panca66"
"1916706998319775986","Mon Apr 28 04:23:29 +0000 2025","0","@DokFun Gisa bana lah ","1916709831253389407","","DokFun","in","Indonesia ","0","1","0","https://x.com/panca66/status/1916709831253389407","82042655","panca66"
"1916706998319775986","Mon Apr 28 04:21:25 +0000 2025","0","@DokFun Kalo menang ngomong apa aja enak","1916709312153731325","","DokFun","in","Indonesia ","0","2","1","https://x.com/panca66/status/1916709312153731325","82042655","panca66"
"1916688722453541154","Mon Apr 28 03:41:02 +0000 2025","1","@mihrabku @hnirankara Banci kan emang suka bandel wkwkwk","1916699149455782047","","mihrabku","in","Indonesia ","0","0","1","https://x.com/panca66/status/1916699149455782047","82042655","panca66"
"1916688722453541154","Mon Apr 28 03:36:38 +0000 2025","0","@mihrabku Cc ah ke banci sosmed @hnirankara","1916698041295544510","","mihrabku","in","Indonesia ","0","1","1","https://x.com/panca66/status/1916698041295544510","82042655","panca66"
"1916688722453541154","Mon Apr 28 03:30:18 +0000 2025","0","@mihrabku Namanya juga tiba2 nongol di X","1916696448818884896","","mihrabku","in","Indonesia ","0","1","0","https://x.com/panca66/status/1916696448818884896","82042655","panca66"
"1916688722453541154","Mon Apr 28 03:26:21 +0000 2025","1","@mihrabku Banci sosmed wkwkwk","1916695452503674959","","mihrabku","in","Indonesia ","0","1","1","https://x.com/panca66/status/1916695452503674959","82042655","panca66"
"1916686243095785911","Mon Apr 28 03:11:54 +0000 2025","0","@Top8rendusara Yukksss ah wkwkwk https://t.co/rvxnYJDULk","1916691819423056192","https://pbs.twimg.com/media/Gpl1DQoawAAa1Lr.jpg","Top8rendusara","in","Indonesia ","0","1","0","https://x.com/panca66/status/1916691819423056192","82042655","panca66"
"1916689396256113100","Mon Apr 28 03:07:44 +0000 2025","1","@pemudaidamanid Enak kalau sudah langsing https://t.co/v916DC9vFw","1916690769362256168","https://pbs.twimg.com/media/Gpl0GKdbgAAtvZU.jpg","pemudaidamanid","in","Indonesia ","0","0","0","https://x.com/panca66/status/1916690769362256168","82042655","panca66"
"1916686243095785911","Mon Apr 28 03:00:14 +0000 2025","0","@tambuntambun20 @Top8rendusara Orang menang mah bebas","1916688882651066858","","tambuntambun20","in","Indonesia ","0","0","1","https://x.com/panca66/status/1916688882651066858","82042655","panca66"
"1916688722453541154","Mon Apr 28 02:59:36 +0000 2025","0","Si paling pintar ngebegoin presiden dibikin akun palsu segitu aja udah teriak2 minta bantuan teman. Goblok dan cemen loe ","1916688722453541154","","","in","Indonesia ","0","1","2","https://x.com/panca66/status/1916688722453541154","82042655","panca66"
"1916646670454104239","Mon Apr 28 02:53:19 +0000 2025","1","@WNSamarenda_89 Benar","1916687142316618077","","WNSamarenda_89","in","Indonesia ","0","0","0","https://x.com/panca66/status/1916687142316618077","82042655","panca66"
"1916686243095785911","Mon Apr 28 02:49:45 +0000 2025","1","Si @Top8rendusara Ipul baru 2 kali aja juara Premiere League sombong amat! https://t.co/P7TeJdAhq8","1916686243095785911","https://pbs.twimg.com/media/Gplv-xMawAAIfKo.jpg","","in","Indonesia ","0","2","0","https://x.com/panca66/status/1916686243095785911","82042655","panca66"
"1915541798233178277","Fri Apr 25 00:30:30 +0000 2025","2","@AliSafi58794452 Mereka nuntut janji kapolda untuk memberantas narkoba. Sudah berkali-kali diminta perwakilan mahasiswa masuk menemui kapolda di dalam. Tapi mereka menolak. Dimana itu akibat bukan sebab? Kalau nolak ketemu itu hak tapi ngata2in kapolda sama dengan anjing dimana adabnya?","1915564038442058091","","AliSafi58794452","in","Indonesia ","0","0","0","https://x.com/panca66/status/1915564038442058091","82042655","panca66"
"1915551530675253588","Fri Apr 25 00:27:06 +0000 2025","2","@ivansiregar18 Demo nuntut janji Kapolda untuk pemberantasan narkoba tapi pendemonya ketangkap pakai narkoba. Rusak udah! https://t.co/OnDWhYN2Us","1915563181503844597","","ivansiregar18","in","Indonesia ","0","1","0","https://x.com/panca66/status/1915563181503844597","82042655","panca66"
"1915551530675253588","Thu Apr 24 23:40:48 +0000 2025","4","Adat basandi syarak syarak basandi kitabullah itu kayaknya tinggal cerita dongeng pemgantar tidur anak2 aja sepertinya!!","1915551530675253588","","","in","Indonesia ","0","3","4","https://x.com/panca66/status/1915551530675253588","82042655","panca66"
"1915544116676747607","Thu Apr 24 23:16:03 +0000 2025","0","@AsepWitoko @mas_djono Bukan ketipu tapi nipu diri sendiri wkwkwk","1915545302045778112","","AsepWitoko","in","Indonesia ","0","0","0","https://x.com/panca66/status/1915545302045778112","82042655","panca66"
"1915544116676747607","Thu Apr 24 23:11:21 +0000 2025","0","Bikin ngakak aja @AsepWitoko @mas_djono","1915544116676747607","","","in","Indonesia ","0","2","0","https://x.com/panca66/status/1915544116676747607","82042655","panca66"
"1915541798233178277","Thu Apr 24 23:02:08 +0000 2025","4","Ini kelakuan anak muda/mahasiswa Minang sekarang ini. Sudah kehilangan adab dan sopan santun dalam berdemo. Masa Kapolda Sumbar disamain sama anjing. Saya kehilangan kata untuk tindakan mahasiswa ini https://t.co/Df9KinmwBa","1915541798233178277","https://pbs.twimg.com/ext_tw_video_thumb/1915541598789918725/pu/img/MUTYmiYricmJKJG_.jpg","","in","Indonesia ","1","3","4","https://x.com/panca66/status/1915541798233178277","82042655","panca66"
"1915250820490367324","Thu Apr 24 22:34:52 +0000 2025","6","@hnirankara Si paling pintar ngegoblokin orang padahal dia nga tahu emang pemerintah udah ambil kebijakan stop impor beras di tahun 2025. Ngegoblokin orang tapi goblok sendiri!! https://t.co/XVyjlArN1W","1915534936729371023","","hnirankara","in","Indonesia ","0","1","2","https://x.com/panca66/status/1915534936729371023","82042655","panca66"
"1915416773635301650","Thu Apr 24 14:45:20 +0000 2025","0","Steaknya mana?","1915416773635301650","","","in","Indonesia ","0","0","0","https://x.com/panca66/status/1915416773635301650","82042655","panca66"
"1915390635416170913","Thu Apr 24 13:01:28 +0000 2025","1","Kenal?","1915390635416170913","","","in","Indonesia ","1","0","0","https://x.com/panca66/status/1915390635416170913","82042655","panca66"
"1915338230314225936","Thu Apr 24 10:28:41 +0000 2025","0","@OnlyFrens @Andiarief__ Cissss","1915352184969191583","","OnlyFrens","und","Indonesia ","0","0","0","https://x.com/panca66/status/1915352184969191583","82042655","panca66"
"1915317172576149606","Thu Apr 24 08:20:00 +0000 2025","0","@rachmanfahadi Bandar main","1915319803104895223","","rachmanfahadi","in","Indonesia ","0","1","0","https://x.com/panca66/status/1915319803104895223","82042655","panca66"
"1915254590280524183","Thu Apr 24 04:33:33 +0000 2025","0","@rachardiana_ayu @PDemokrat @PKSejahtera @jonrugintingnew Biarin aja mereka kelahi kita nonton aja","1915262815335854478","","rachardiana_ayu","in","Indonesia ","0","0","0","https://x.com/panca66/status/1915262815335854478","82042655","panca66"
"1915216982817071408","Thu Apr 24 02:15:10 +0000 2025","1","@tampangkriminil Siap","1915227988796596418","","tampangkriminil","in","Indonesia ","0","0","0","https://x.com/panca66/status/1915227988796596418","82042655","panca66"
"1915216982817071408","Thu Apr 24 02:01:55 +0000 2025","2","@WNSamarenda_89 @tampangkriminil Cocok perasaan","1915224652873687179","","WNSamarenda_89","in","Indonesia ","0","0","0","https://x.com/panca66/status/1915224652873687179","82042655","panca66"
"1915216982817071408","Thu Apr 24 02:01:29 +0000 2025","1","@tampangkriminil Udah saya transf pake qris","1915224543893106781","","tampangkriminil","in","Indonesia ","0","1","0","https://x.com/panca66/status/1915224543893106781","82042655","panca66"
"1915216982817071408","Thu Apr 24 01:52:14 +0000 2025","2","@tampangkriminil Wah lucu juga. DM no rek ","1915222219661468032","","tampangkriminil","in","Indonesia ","0","2","0","https://x.com/panca66/status/1915222219661468032","82042655","panca66"
"1915148692832801235","Wed Apr 23 22:30:57 +0000 2025","0","@DokFun @Top8rendusara @suryadelalu Aminn","1915171562048938360","","DokFun","es","Indonesia ","0","1","0","https://x.com/panca66/status/1915171562048938360","82042655","panca66"
"1915148692832801235","Wed Apr 23 22:25:45 +0000 2025","0","@Top8rendusara @suryadelalu @DokFun Yang penting juara Champion wkwkwk","1915170256051638658","","Top8rendusara","in","Indonesia ","0","1","0","https://x.com/panca66/status/1915170256051638658","82042655","panca66"
"1915011902918562186","Wed Apr 23 14:36:52 +0000 2025","0","@Top8rendusara @DokFun Wkwkwk ngebet banget pengen cepat2 juara","1915052254434087353","","Top8rendusara","in","Indonesia ","0","1","0","https://x.com/panca66/status/1915052254434087353","82042655","panca66"
"1914990683091505492","Wed Apr 23 10:32:12 +0000 2025","1","Mantap","1914990683091505492","","","in","Indonesia ","0","1","0","https://x.com/panca66/status/1914990683091505492","82042655","panca66"
"1914908942347722880","Wed Apr 23 05:07:23 +0000 2025","2","Wkwkwk ada2 aja","1914908942347722880","","","in","Indonesia ","0","0","0","https://x.com/panca66/status/1914908942347722880","82042655","panca66"
"1914898142568599885","Wed Apr 23 05:03:35 +0000 2025","0","@UmarHasibuan__ @ListyoSigitP Belum berdiri aja udah mau untung 80 T","1914907984427458683","","UmarHasibuan__","in","Indonesia ","0","0","0","https://x.com/panca66/status/1914907984427458683","82042655","panca66"
"1914898142568599885","Wed Apr 23 04:54:43 +0000 2025","0","@UmarHasibuan__ @ListyoSigitP Mirip bosnya pung. Ngedabrus wkwkwk","1914905752528965977","","UmarHasibuan__","in","Indonesia ","0","1","1","https://x.com/panca66/status/1914905752528965977","82042655","panca66"
"1914898309422178320","Wed Apr 23 04:49:45 +0000 2025","0","@msaid_didu Sabar","1914904504086262124","","msaid_didu","es","Indonesia ","0","0","0","https://x.com/panca66/status/1914904504086262124","82042655","panca66"
"1914890276738306485","Wed Apr 23 04:22:21 +0000 2025","0","@suryadelalu Gasss terus","1914897607761281388","","suryadelalu","in","Indonesia ","0","0","0","https://x.com/panca66/status/1914897607761281388","82042655","panca66"
"1914888822787313859","Wed Apr 23 03:47:26 +0000 2025","11","Dede Yusuf soal isu matahari kembar. Pesan pak SBY tidak boleh ada matahari kembar. Kita dukung presiden Prabawo. Cocok perasaan! https://t.co/OzMKiKtHOP","1914888822787313859","https://pbs.twimg.com/ext_tw_video_thumb/1914888462328827904/pu/img/MmJxoAhN7XgEVh-N.jpg","","in","Indonesia ","5","2","9","https://x.com/panca66/status/1914888822787313859","82042655","panca66"
"1914886948763918484","Wed Apr 23 03:46:54 +0000 2025","1","@didik_lp Hahaha","1914888684731818313","","didik_lp","tl","Indonesia ","0","0","0","https://x.com/panca66/status/1914888684731818313","82042655","panca66"
"1914884524191965530","Wed Apr 23 03:40:22 +0000 2025","0","@DokFun Kayak @Top8rendusara aja","1914887041852256386","","DokFun","in","Indonesia ","0","2","0","https://x.com/panca66/status/1914887041852256386","82042655","panca66"
"1914886948763918484","Wed Apr 23 03:40:00 +0000 2025","1","Jomblo ngenes kawin sama AI https://t.co/PPh33MhVmH","1914886948763918484","https://pbs.twimg.com/ext_tw_video_thumb/1914886315474345987/pu/img/v7D5GI1xMM2NZ2TS.jpg","","in","Indonesia ","0","2","1","https://x.com/panca66/status/1914886948763918484","82042655","panca66"
"1914884524191965530","Wed Apr 23 03:39:25 +0000 2025","0","@DokFun Sabar","1914886801896169891","","DokFun","es","Indonesia ","0","1","0","https://x.com/panca66/status/1914886801896169891","82042655","panca66"
"1914156845956227362","Tue Apr 22 23:44:48 +0000 2025","0","@tehnit4 @OnlyFrens Ini ada jawabannya. Sewot sama pemerintah ya mbak? Awakwikwok https://t.co/hzJbyI1w4B","1914827759073026403","","tehnit4","in","Indonesia ","0","0","0","https://x.com/panca66/status/1914827759073026403","82042655","panca66"
"1914811196647334092","Tue Apr 22 22:38:59 +0000 2025","12","It's too late Netanyahu #FreePalestine https://t.co/wbJKQ0KReO","1914811196647334092","https://pbs.twimg.com/ext_tw_video_thumb/1914810508433350656/pu/img/Ba8_W1fMx1FhWe1h.jpg","","en","Indonesia ","0","0","7","https://x.com/panca66/status/1914811196647334092","82042655","panca66"
"1914631289745145918","Tue Apr 22 11:38:30 +0000 2025","1","@suryadelalu Colek mbahnya Ipul @Top8rendusara","1914644980091765151","","suryadelalu","in","Indonesia ","0","1","0","https://x.com/panca66/status/1914644980091765151","82042655","panca66"
"1914554358005702992","Tue Apr 22 05:43:21 +0000 2025","0","@misallnya Hahaha aku juga ada teman yang percaya Emyu","1914555605387481488","","misallnya","in","Indonesia ","0","2","0","https://x.com/panca66/status/1914555605387481488","82042655","panca66"
"1914553830559400006","Tue Apr 22 05:36:18 +0000 2025","1","Baca sebaliknya","1914553830559400006","","","in","Indonesia ","0","0","2","https://x.com/panca66/status/1914553830559400006","82042655","panca66"
"1914322759267815691","Tue Apr 22 05:09:11 +0000 2025","1","@hasyimalhabsi @RicKY_KCh Makasih Bib","1914547005709492682","","hasyimalhabsi","in","Indonesia ","0","0","0","https://x.com/panca66/status/1914547005709492682","82042655","panca66"
"1914322759267815691","Tue Apr 22 02:17:15 +0000 2025","0","@Top8rendusara @RicKY_KCh Sabar","1914503737391108326","","Top8rendusara","es","Indonesia ","0","1","0","https://x.com/panca66/status/1914503737391108326","82042655","panca66"
"1914500346669621525","Tue Apr 22 02:03:46 +0000 2025","4","Ono2 bae air dari PDAM bocor aja dianggap air berkhasiat ","1914500346669621525","","","in","Indonesia ","0","3","2","https://x.com/panca66/status/1914500346669621525","82042655","panca66"
"1914486200364360051","Tue Apr 22 01:07:34 +0000 2025","1","Ya ampyunn alasannya ","1914486200364360051","","","hi","Indonesia ","0","1","2","https://x.com/panca66/status/1914486200364360051","82042655","panca66"
"1914322759267815691","Tue Apr 22 00:16:31 +0000 2025","0","@RicKY_KCh Siap","1914473353957789929","","RicKY_KCh","in","Indonesia ","0","0","0","https://x.com/panca66/status/1914473353957789929","82042655","panca66"
"1914322759267815691","Mon Apr 21 14:35:29 +0000 2025","1","@PresidenKopi @RicKY_KCh Siap","1914327133922771011","","PresidenKopi","in","Indonesia ","0","0","0","https://x.com/panca66/status/1914327133922771011","82042655","panca66"
"1914322759267815691","Mon Apr 21 14:32:09 +0000 2025","0","@PresidenKopi @RicKY_KCh Ketua Riau","1914326291786219835","","PresidenKopi","in","Indonesia ","0","1","0","https://x.com/panca66/status/1914326291786219835","82042655","panca66"
"1914322759267815691","Mon Apr 21 14:23:34 +0000 2025","0","@Rheina2203 @RicKY_KCh Heuheuheu","1914324134705942745","","Rheina2203","de","Indonesia ","0","0","0","https://x.com/panca66/status/1914324134705942745","82042655","panca66"
"1914322759267815691","Mon Apr 21 14:18:06 +0000 2025","13","Menemani Walikota Pekanbaru Agung Nugroho sholat Maghrib di Mesjid Al Firdaus komplek balaikota Pekanbaru di Tenayan. Mesjidnya megah banget cc @RicKY_KCh https://t.co/13GPWMjMK9","1914322759267815691","https://pbs.twimg.com/media/GpEKZ3cbAAA6D7d.jpg","","in","Indonesia ","0","5","5","https://x.com/panca66/status/1914322759267815691","82042655","panca66"
"1914279335927922747","Mon Apr 21 11:25:33 +0000 2025","0","RIP","1914279335927922747","","","qst","Indonesia ","0","0","0","https://x.com/panca66/status/1914279335927922747","82042655","panca66"
"1914177807980384363","Mon Apr 21 04:42:07 +0000 2025","0","Cc @Top8rendusara","1914177807980384363","","","und","Indonesia ","0","1","0","https://x.com/panca66/status/1914177807980384363","82042655","panca66"
"1914102932955332810","Mon Apr 21 03:07:49 +0000 2025","0","@Top8rendusara @Hasbil_Lbs @kokokdirgantoro Jepret dulu awakwikwok https://t.co/c5Mo0SiPYI","1914154073634574353","https://pbs.twimg.com/media/GpBw-s8agAA3EIs.jpg","Top8rendusara","in","Indonesia ","0","0","0","https://x.com/panca66/status/1914154073634574353","82042655","panca66"
"1914102932955332810","Mon Apr 21 03:06:33 +0000 2025","0","@kokokdirgantoro @Top8rendusara @Hasbil_Lbs Wkwkwk bonus itu mas","1914153758122279332","","kokokdirgantoro","in","Indonesia ","0","0","0","https://x.com/panca66/status/1914153758122279332","82042655","panca66"
"1914102932955332810","Mon Apr 21 02:06:31 +0000 2025","1","@Top8rendusara @Hasbil_Lbs @kokokdirgantoro Opo iyo? https://t.co/xj8VqR3H5u","1914138650553851933","https://pbs.twimg.com/media/GpBi9A2a8AARMmw.jpg","Top8rendusara","tl","Indonesia ","0","2","0","https://x.com/panca66/status/1914138650553851933","82042655","panca66"
"1914102932955332810","Mon Apr 21 01:54:16 +0000 2025","1","@Top8rendusara @Hasbil_Lbs @kokokdirgantoro Nga mikirin. Arsenal lagi mau mikirin juara Champion ","1914135565207052382","","Top8rendusara","in","Indonesia ","0","1","0","https://x.com/panca66/status/1914135565207052382","82042655","panca66"
"1912996769019150824","Thu Apr 17 22:29:06 +0000 2025","0","Bukannya udah jadi toko oleh2?","1912996769019150824","","","in","Indonesia ","0","0","0","https://x.com/panca66/status/1912996769019150824","82042655","panca66"
"1912891506010251589","Thu Apr 17 15:30:49 +0000 2025","6","Ngeri ban pesawat bisa copot!","1912891506010251589","","","in","Indonesia ","0","0","1","https://x.com/panca66/status/1912891506010251589","82042655","panca66"
"1912823614816088106","Thu Apr 17 14:24:45 +0000 2025","0","@mpujayaprema Hehehehe","1912874879931801839","","mpujayaprema","tl","Indonesia ","0","0","0","https://x.com/panca66/status/1912874879931801839","82042655","panca66"
"1912777550402637923","Thu Apr 17 08:12:53 +0000 2025","3","@detikcom @detik_pop Keren pak @SBYudhoyono","1912781297019429301","","detikcom","in","Indonesia ","0","1","1","https://x.com/panca66/status/1912781297019429301","82042655","panca66"
"1912765524259532974","Thu Apr 17 07:10:13 +0000 2025","1","Presiden Prabowo tunjuk Mensesneg Prasetyo Hadi jadi jubir presiden https://t.co/MGEMQGM4zB","1912765524259532974","","","in","Indonesia ","1","1","7","https://x.com/panca66/status/1912765524259532974","82042655","panca66"
"1912719442879942673","Thu Apr 17 04:12:58 +0000 2025","1","@suryadelalu Kayak pembaca berita yang suka katawain MU happy terus wkwkwk","1912720918457250270","","suryadelalu","in","Indonesia ","0","0","0","https://x.com/panca66/status/1912720918457250270","82042655","panca66"
"1912719169717715290","Thu Apr 17 04:06:01 +0000 2025","0","Mbappe disuapin Rice nasi buat anak2 https://t.co/k9UJYjCfom","1912719169717715290","https://pbs.twimg.com/ext_tw_video_thumb/1912719108438925312/pu/img/bt3jCw8tbW7Syq3-.jpg","","in","Indonesia ","1","0","0","https://x.com/panca66/status/1912719169717715290","82042655","panca66"
"1912707402014855322","Thu Apr 17 03:49:20 +0000 2025","0","@aditsub @AgusYudhoyono Hahaha","1912714969910530297","","aditsub","tl","Indonesia ","0","0","0","https://x.com/panca66/status/1912714969910530297","82042655","panca66"
"1912707402014855322","Thu Apr 17 03:19:15 +0000 2025","21","AHY @AgusYudhoyono tinjau pengolahan sampah menjadi energi listrik Benowo Surabaya. Percontohan untuk pengelolaan sampah ke depan!! https://t.co/MNS46js6ie","1912707402014855322","https://pbs.twimg.com/ext_tw_video_thumb/1912707260691935233/pu/img/jS5I3SmxW8rJ-gI-.jpg","","in","Indonesia ","0","1","14","https://x.com/panca66/status/1912707402014855322","82042655","panca66"
"1912640972477096289","Wed Apr 16 22:59:09 +0000 2025","0","@DokFun Cocok perasaan","1912641943324250597","","DokFun","in","Indonesia ","0","0","1","https://x.com/panca66/status/1912641943324250597","82042655","panca66"
"1912641738231148904","Wed Apr 16 22:58:20 +0000 2025","0","Pemain termahal di dunia dibikin frustasi cc @Top8rendusara","1912641738231148904","","","in","Indonesia ","0","0","0","https://x.com/panca66/status/1912641738231148904","82042655","panca66"
"1912615080451346525","Wed Apr 16 21:12:24 +0000 2025","0","Bisa lah ngalahin PSG @Top8rendusara","1912615080451346525","","","in","Indonesia ","0","0","0","https://x.com/panca66/status/1912615080451346525","82042655","panca66"
"1912612437783900397","Wed Apr 16 21:10:02 +0000 2025","0","@Top8rendusara Yang penting masuk semifinal dulu wkwkwk","1912614486072258570","","Top8rendusara","in","Indonesia ","0","0","0","https://x.com/panca66/status/1912614486072258570","82042655","panca66"
"1912613490784891201","Wed Apr 16 21:06:05 +0000 2025","0","Katanya Madrid bakal come back di kandang? Come back ndasmu ","1912613490784891201","","","tl","Indonesia ","0","0","0","https://x.com/panca66/status/1912613490784891201","82042655","panca66"
"1912612437783900397","Wed Apr 16 21:01:54 +0000 2025","0","Yuhuuu @Top8rendusara","1912612437783900397","","","tl","Indonesia ","0","2","0","https://x.com/panca66/status/1912612437783900397","82042655","panca66"
"1912612155318538467","Wed Apr 16 21:00:47 +0000 2025","0","Udah dibilang bubar nga percaya #RMAARS","1912612155318538467","","","in","Indonesia ","0","0","0","https://x.com/panca66/status/1912612155318538467","82042655","panca66"
"1912605582655365192","Wed Apr 16 20:34:40 +0000 2025","0","David Raya ketularan Onana #RMAARS","1912605582655365192","","","in","Indonesia ","0","0","0","https://x.com/panca66/status/1912605582655365192","82042655","panca66"
"1912605097101832646","Wed Apr 16 20:32:44 +0000 2025","0","Udah bubar wkwkwk #RMAARS","1912605097101832646","","","in","Indonesia ","0","0","0","https://x.com/panca66/status/1912605097101832646","82042655","panca66"
"1912596397368774663","Wed Apr 16 19:58:10 +0000 2025","0","Kenal?","1912596397368774663","","","in","Indonesia ","0","0","0","https://x.com/panca66/status/1912596397368774663","82042655","panca66"
"1912596199489827264","Wed Apr 16 19:57:22 +0000 2025","0","Mbappe frustasi ","1912596199489827264","","","in","Indonesia ","0","0","0","https://x.com/panca66/status/1912596199489827264","82042655","panca66"
"1912350169045328035","Wed Apr 16 05:33:47 +0000 2025","0","@pemudaidamanid Kagak","1912378869908447634","","pemudaidamanid","in","Indonesia ","0","0","0","https://x.com/panca66/status/1912378869908447634","82042655","panca66"
"1912248461564764522","Tue Apr 15 22:27:26 +0000 2025","0","@Top8rendusara Wkwkwk katanya Villa juara UCL","1912271573450649919","","Top8rendusara","in","Indonesia ","0","0","0","https://x.com/panca66/status/1912271573450649919","82042655","panca66"
"1912035585637929407","Tue Apr 15 08:07:31 +0000 2025","0","@sanikomputer_id Jenderal kutu kupret","1912055170097086940","","sanikomputer_id","in","Indonesia ","0","1","0","https://x.com/panca66/status/1912055170097086940","82042655","panca66"
"1912042536211787904","Tue Apr 15 07:17:19 +0000 2025","12","Lebih banyak korban Kanjuruhan 135 orang","1912042536211787904","","","in","Indonesia ","1","0","4","https://x.com/panca66/status/1912042536211787904","82042655","panca66"
"1912035585637929407","Tue Apr 15 07:12:14 +0000 2025","0","@sanikomputer_id Lagi berkuasa aja gagal memalukan jenderal dipecundangi mayor","1912041256949309461","","sanikomputer_id","in","Indonesia ","0","1","0","https://x.com/panca66/status/1912041256949309461","82042655","panca66"
"1912022204298219742","Tue Apr 15 06:59:01 +0000 2025","1","@Rheina2203 @MIrvanDarwin1 @Top8rendusara Emang udah pernah lihat yang bawahnya Irvan? Emang panjang? ","1912037931927343466","","Rheina2203","in","Indonesia ","0","1","0","https://x.com/panca66/status/1912037931927343466","82042655","panca66"
"1912035585637929407","Tue Apr 15 06:57:48 +0000 2025","0","@Cepirlo Namanya juga partai abal2","1912037627039232366","","Cepirlo","in","Indonesia ","0","0","0","https://x.com/panca66/status/1912037627039232366","82042655","panca66"
"1912035585637929407","Tue Apr 15 06:54:10 +0000 2025","0","@jasroelkoto Biar aja habis duitnya hahaha","1912036712714473680","","jasroelkoto","in","Indonesia ","0","1","0","https://x.com/panca66/status/1912036712714473680","82042655","panca66"
"1912022204298219742","Tue Apr 15 06:51:25 +0000 2025","1","@Rheina2203 @MIrvanDarwin1 @Top8rendusara Bewoknya si @MIrvanDarwin1 aja yang dijenggut harusnya ","1912036018930520216","","Rheina2203","in","Indonesia ","0","2","0","https://x.com/panca66/status/1912036018930520216","82042655","panca66"
"1912035585637929407","Tue Apr 15 06:49:42 +0000 2025","8","Kayak begini kan bagus Moeldoko bikin partai sendiri. Soal laku atau nga soal lain. Jangan begal partai orang lain. Iya nga sih? https://t.co/yCaw4leZ09","1912035585637929407","https://pbs.twimg.com/media/GojqO3HXgAA_844.jpg","","in","Indonesia ","3","10","3","https://x.com/panca66/status/1912035585637929407","82042655","panca66"
"1912022204298219742","Tue Apr 15 06:42:07 +0000 2025","1","@Rheina2203 @MIrvanDarwin1 @Top8rendusara Jahara kamu ya","1912033679955902652","","Rheina2203","in","Indonesia ","0","2","0","https://x.com/panca66/status/1912033679955902652","82042655","panca66"
"1912005690954277276","Tue Apr 15 06:41:30 +0000 2025","1","@AsepWitoko @vicko_twitt @idextratime Besok mainnya","1912033525035086266","","AsepWitoko","in","Indonesia ","0","0","0","https://x.com/panca66/status/1912033525035086266","82042655","panca66"
"1912016275414688215","Tue Apr 15 05:54:54 +0000 2025","0","@rysander Iyaa. Dia triple minority cewek non muslim Chinese di daerah yang mayoritas muslim","1912021796175618497","","rysander","in","Indonesia ","0","0","0","https://x.com/panca66/status/1912021796175618497","82042655","panca66"
"1912016275414688215","Tue Apr 15 05:50:19 +0000 2025","0","@rysander Diusung Demokrat tapi bukan kader","1912020642142261560","","rysander","in","Indonesia ","0","1","0","https://x.com/panca66/status/1912020642142261560","82042655","panca66"
"1911992570646773940","Tue Apr 15 05:49:16 +0000 2025","0","@rasjawa Siap","1912020380358943173","","rasjawa","in","Indonesia ","0","0","0","https://x.com/panca66/status/1912020380358943173","82042655","panca66"
"1912009311238439081","Tue Apr 15 05:05:17 +0000 2025","2","Hakim tolol kerugian negara 16 T tukerannya cuma 60 M. Merasnya tanggung amat sih?","1912009311238439081","","","in","Indonesia ","0","0","0","https://x.com/panca66/status/1912009311238439081","82042655","panca66"
"1912004949212328032","Tue Apr 15 05:01:09 +0000 2025","2","@MIrvanDarwin1 Emang segitu kemampuannya kita aja yang ekspetasinya ketinggian","1912008268634796323","","MIrvanDarwin1","in","Indonesia ","0","1","0","https://x.com/panca66/status/1912008268634796323","82042655","panca66"
"1911992570646773940","Tue Apr 15 04:36:19 +0000 2025","0","@rasjawa Tempat nga jadi masalah asal enak hajar terus ","1912002018325176645","","rasjawa","in","Indonesia ","0","1","0","https://x.com/panca66/status/1912002018325176645","82042655","panca66"
"1911992570646773940","Tue Apr 15 04:25:42 +0000 2025","1","@rasjawa Ok kalau dari Jakarta oum. Sering ke Bandung antar anak tahunya keluar Purwakarta terus makan di Hj. YETI hahaha","1911999350269772010","","rasjawa","in","Indonesia ","0","1","0","https://x.com/panca66/status/1911999350269772010","82042655","panca66"
"1911992570646773940","Tue Apr 15 03:58:46 +0000 2025","0","Noted kalau mau ke Bandung keluar di tol mana om?","1911992570646773940","","","in","Indonesia ","0","1","0","https://x.com/panca66/status/1911992570646773940","82042655","panca66"
"1911973986860413144","Tue Apr 15 02:44:55 +0000 2025","2","Benar","1911973986860413144","","","in","Indonesia ","0","1","0","https://x.com/panca66/status/1911973986860413144","82042655","panca66"
"1911964926702473380","Tue Apr 15 02:11:42 +0000 2025","0","@mpujayaprema Puyeng mpu","1911965625154494626","","mpujayaprema","in","Indonesia ","0","0","0","https://x.com/panca66/status/1911965625154494626","82042655","panca66"
"1911808126896234605","Tue Apr 15 02:11:10 +0000 2025","0","@mas_djono Ya ndak tahu kok tanya saya","1911965490106564638","","mas_djono","in","Indonesia ","0","1","0","https://x.com/panca66/status/1911965490106564638","82042655","panca66"
"1911930995626152222","Mon Apr 14 23:54:05 +0000 2025","2","Lha terus yang kemarin diposting kader PSI itu apa? Bukannya itu katanya ijazah asli?","1911930995626152222","","","in","Indonesia ","1","0","0","https://x.com/panca66/status/1911930995626152222","82042655","panca66"
"1911921341902831759","Mon Apr 14 23:49:37 +0000 2025","0","@Bud_Cavalera Ngarang aja buzzer PDIP. Itu konteksnya dia bicara tentara secara umum. Kalau galak di kota pasti pengecut di hutan!!","1911929870273356048","","Bud_Cavalera","in","Indonesia ","0","0","0","https://x.com/panca66/status/1911929870273356048","82042655","panca66"
"1911925718424207457","Mon Apr 14 23:33:54 +0000 2025","1","@yudiharahap46 Hahaha","1911925914050732282","","yudiharahap46","tl","Indonesia ","0","0","0","https://x.com/panca66/status/1911925914050732282","82042655","panca66"
"1911925718424207457","Mon Apr 14 23:33:07 +0000 2025","3","Sebagian besar APH bisa kena hukuman mati dong? ","1911925718424207457","","","in","Indonesia ","0","3","0","https://x.com/panca66/status/1911925718424207457","82042655","panca66"
"1911921341902831759","Mon Apr 14 23:15:44 +0000 2025","6","Kalau kata almarhum Jenderal Pramono Edi Wibowo tentara yang galak di kota kalau di hutan itu pengecut ternyata benar adanya hahaha","1911921341902831759","","","in","Indonesia ","0","3","1","https://x.com/panca66/status/1911921341902831759","82042655","panca66"
"1911822658997760261","Mon Apr 14 22:45:33 +0000 2025","1","@ismailfahmi Keren mas","1911913745049407944","","ismailfahmi","in","Indonesia ","0","0","0","https://x.com/panca66/status/1911913745049407944","82042655","panca66"
"1911910586075783472","Mon Apr 14 22:32:59 +0000 2025","6","Benson Boone cosplay Freddie Mercury at Coachela. Keren! https://t.co/kBVIJo2IPo","1911910586075783472","https://pbs.twimg.com/ext_tw_video_thumb/1911910494174113792/pu/img/_Ju6tXEZ_7dmJ7GW.jpg","","en","Indonesia ","1","0","1","https://x.com/panca66/status/1911910586075783472","82042655","panca66"
"1910099566634107162","Wed Apr 09 22:55:35 +0000 2025","0","@Top8rendusara Kan sama aja kalah wkwkwk","1910104334387556666","","Top8rendusara","in","Indonesia ","0","1","0","https://x.com/panca66/status/1910104334387556666","82042655","panca66"
"1910100087881273548","Wed Apr 09 22:54:27 +0000 2025","0","@Top8rendusara Melengkungnya itu lho","1910104046700318829","","Top8rendusara","in","Indonesia ","0","1","0","https://x.com/panca66/status/1910104046700318829","82042655","panca66"
"1910099566634107162","Wed Apr 09 22:53:28 +0000 2025","0","@Top8rendusara Verpool aja dibantai di leg 2 lawan PSG wkwkwk","1910103798410039805","","Top8rendusara","in","Indonesia ","0","1","0","https://x.com/panca66/status/1910103798410039805","82042655","panca66"
"1910103105569701940","Wed Apr 09 22:50:43 +0000 2025","1","Mirip golnya Zahabi Gholy di piala Asia waktu lawan Yaman kemarin","1910103105569701940","","","in","Indonesia ","0","0","1","https://x.com/panca66/status/1910103105569701940","82042655","panca66"
"1910100087881273548","Wed Apr 09 22:38:43 +0000 2025","1","Keren banget ya tendangannya Rice @Top8rendusara","1910100087881273548","","","in","Indonesia ","0","1","0","https://x.com/panca66/status/1910100087881273548","82042655","panca66"
"1910099566634107162","Wed Apr 09 22:36:39 +0000 2025","0","Tim favorit juara versi bung dapse @Top8rendusara dibantai PSG 3-1 ","1910099566634107162","","","in","Indonesia ","0","1","0","https://x.com/panca66/status/1910099566634107162","82042655","panca66"
"1909881847359979629","Wed Apr 09 08:18:50 +0000 2025","0","@AsepWitoko @mas_djono Males ","1909883691234394528","","AsepWitoko","es","Indonesia ","0","0","0","https://x.com/panca66/status/1909883691234394528","82042655","panca66"
"1909883173325905979","Wed Apr 09 08:16:47 +0000 2025","1","Bosan kali latihan melulu pengen perang kali?","1909883173325905979","","","in","Indonesia ","0","1","0","https://x.com/panca66/status/1909883173325905979","82042655","panca66"
"1909881847359979629","Wed Apr 09 08:11:30 +0000 2025","3","Klub papan bawah emang cocok main di Malaysia. Setuju kan @AsepWitoko @mas_djono","1909881847359979629","","","in","Indonesia ","0","2","1","https://x.com/panca66/status/1909881847359979629","82042655","panca66"
"1909878093474377744","Wed Apr 09 07:56:35 +0000 2025","11","Kok twit ini banyak yang RT dan komen akun2 luar negeri ya?","1909878093474377744","","","in","Indonesia ","0","1","4","https://x.com/panca66/status/1909878093474377744","82042655","panca66"
"1909390778411237521","Wed Apr 09 07:25:08 +0000 2025","2","@rozifirdaus18 @hasyimalhabsi Memang nga perlu dipuji tapi juga jangan memfitnah terus minta maaf seperti dilakukan ke Erick Thohir https://t.co/WUqzpP2j3o","1909870177426063659","","rozifirdaus18","in","Indonesia ","0","0","0","https://x.com/panca66/status/1909870177426063659","82042655","panca66"
"1909866100122419435","Wed Apr 09 07:08:56 +0000 2025","7","Serem juga tampamg dokter pelaku pemerkosaan keluarga pasien ya?","1909866100122419435","","","in","Indonesia ","0","1","3","https://x.com/panca66/status/1909866100122419435","82042655","panca66"
"1909839116348670061","Wed Apr 09 05:21:43 +0000 2025","0","Bangke Trump","1909839116348670061","","","in","Indonesia ","0","2","1","https://x.com/panca66/status/1909839116348670061","82042655","panca66"
"1909741982379123186","Wed Apr 09 02:40:21 +0000 2025","0","@AsepWitoko @DokFun Sabar","1909798509764919491","","AsepWitoko","es","Indonesia ","0","0","0","https://x.com/panca66/status/1909798509764919491","82042655","panca66"
"1909774184928198744","Wed Apr 09 01:03:42 +0000 2025","2","Wuahahaha jadi ingat disini juga ada adu jotos gara2 presiden Mukidi","1909774184928198744","","","in","Indonesia ","0","5","5","https://x.com/panca66/status/1909774184928198744","82042655","panca66"
"1909741982379123186","Wed Apr 09 01:01:20 +0000 2025","1","@AsepWitoko @DokFun Fans klub papan bawah ngarep terus awakwikwok","1909773588426784871","","AsepWitoko","in","Indonesia ","0","1","1","https://x.com/panca66/status/1909773588426784871","82042655","panca66"
"1909736885062422799","Tue Apr 08 22:35:29 +0000 2025","1","Kalau nga Curtois kiper Madrid bobolnya lebih dari 6 gol kali","1909736885062422799","","","in","Indonesia ","0","0","0","https://x.com/panca66/status/1909736885062422799","82042655","panca66"
"1909736336183247027","Tue Apr 08 22:33:18 +0000 2025","4","Breaking Nyuss https://t.co/o3oZ2g9LSk","1909736336183247027","https://pbs.twimg.com/media/GoC_E8yaYAA1AWD.jpg","","in","Indonesia ","0","1","0","https://x.com/panca66/status/1909736336183247027","82042655","panca66"
"1909712329195110574","Tue Apr 08 22:30:52 +0000 2025","0","@Top8rendusara Wkwkwk iya keleusss","1909735723412185136","","Top8rendusara","in","Indonesia ","0","0","0","https://x.com/panca66/status/1909735723412185136","82042655","panca66"
"1909712329195110574","Tue Apr 08 20:57:54 +0000 2025","0","Lumayan ngalahin klub yang 15 kali juara Champion 3 - 0 brayy @Top8rendusara","1909712329195110574","","","in","Indonesia ","0","1","0","https://x.com/panca66/status/1909712329195110574","82042655","panca66"
"1909708017341550936","Tue Apr 08 20:40:46 +0000 2025","0","Mbappe dan Belingham jadi dongok lawan Arsenal #ARSRMA","1909708017341550936","","","in","Indonesia ","0","0","0","https://x.com/panca66/status/1909708017341550936","82042655","panca66"
"1909705800609939974","Tue Apr 08 20:31:58 +0000 2025","0","Emang harus golnya lewat tendangan bebas 2ice #ARSRMA","1909705800609939974","","","in","Indonesia ","0","0","0","https://x.com/panca66/status/1909705800609939974","82042655","panca66"
"1909703733287829872","Tue Apr 08 20:23:45 +0000 2025","0","Gile tendangan Rice tendangan dari langit bray @Top8rendusara https://t.co/e1ZXgP6QYo","1909703733287829872","https://pbs.twimg.com/ext_tw_video_thumb/1909702336550666240/pu/img/JZoUoW5JlAFp7gJ9.jpg","","in","Indonesia ","0","1","0","https://x.com/panca66/status/1909703733287829872","82042655","panca66"
"1909702935736717414","Tue Apr 08 20:20:35 +0000 2025","0","Yess Rice #ARSRMA","1909702935736717414","","","en","Indonesia ","0","0","0","https://x.com/panca66/status/1909702935736717414","82042655","panca66"
"1909695280808927487","Tue Apr 08 19:50:10 +0000 2025","0","Wasit goblok! https://t.co/y4QKKFb7Cj","1909695280808927487","https://pbs.twimg.com/ext_tw_video_thumb/1909686259846430720/pu/img/bXGFF2bpm0vdimEq.jpg","","nl","Indonesia ","0","0","0","https://x.com/panca66/status/1909695280808927487","82042655","panca66"
"1909597258171269617","Tue Apr 08 13:58:19 +0000 2025","0","@caknawa Mantap pak gub cak","1909606737864442231","","caknawa","in","Indonesia ","0","0","0","https://x.com/panca66/status/1909606737864442231","82042655","panca66"
"1909597258171269617","Tue Apr 08 13:20:39 +0000 2025","2","Tinggal yang rajin bayar pajak kasih diskon gede misalnya 50 atau 75 % gitu cc @caknawa","1909597258171269617","","","in","Indonesia ","0","1","1","https://x.com/panca66/status/1909597258171269617","82042655","panca66"
"1909390778411237521","Tue Apr 08 12:50:08 +0000 2025","0","@batu_candra Loe tanya aja langsung ke orangnya. Gitu aja kok refottt","1909589576966193328","","batu_candra","in","Indonesia ","0","0","0","https://x.com/panca66/status/1909589576966193328","82042655","panca66"
"1909390778411237521","Tue Apr 08 11:57:06 +0000 2025","0","@batu_candra Gue aja nga kenal sama Dasco wkwkwk","1909576233257779585","","batu_candra","in","Indonesia ","0","1","0","https://x.com/panca66/status/1909576233257779585","82042655","panca66"
"1909431378208604639","Tue Apr 08 09:58:34 +0000 2025","1","@SilumanPantura @Top8rendusara @hasyimalhabsi Ingat nga waktu pemrednya Arif Zulkifli sampai foto2 naik sepeda bareng Jokowi. GM dapat proyek ratusan M bikin pameran buku di Jerman. Sekarang aja mereka seperti musuhin Jokowi. Karena apa? Karena mereka tahu lebih bagus meng-entertaint mereka yang anti Jokowi lebih prospek","1909546401639317750","","SilumanPantura","in","Indonesia ","1","2","2","https://x.com/panca66/status/1909546401639317750","82042655","panca66"
"1909431378208604639","Tue Apr 08 09:50:34 +0000 2025","1","@Top8rendusara @SilumanPantura @hasyimalhabsi @IsFad10 Waduh sangar banget bung Tope ini","1909544390126977129","","Top8rendusara","in","Indonesia ","0","1","0","https://x.com/panca66/status/1909544390126977129","82042655","panca66"
"1909431378208604639","Tue Apr 08 09:46:11 +0000 2025","0","@Top8rendusara @SilumanPantura @hasyimalhabsi Udah gitu netizen ikut nyalahin kita yang kritis ke media seperti Tempo @IsFad10 bidji","1909543284558426401","","Top8rendusara","in","Indonesia ","0","1","1","https://x.com/panca66/status/1909543284558426401","82042655","panca66"
"1909390778411237521","Tue Apr 08 09:35:56 +0000 2025","4","@IsFad10 Kalau ada bukti baru tulis. Misalnya bukti aliran dana misalnya yang mengalir ke Dasco. Masa loe minta APH menindak lanjuti tuduhan yang nga berdasar gitu. Loe itu yang kocak nga tahu masalahnya udah ikut koar2","1909540704726270414","","IsFad10","in","Indonesia ","0","3","2","https://x.com/panca66/status/1909540704726270414","82042655","panca66"
"1909431378208604639","Tue Apr 08 08:59:33 +0000 2025","0","@SilumanPantura @Top8rendusara @hasyimalhabsi Padahal Tempo itu biang buzzer Jokowi awalnya sampai wartawannya semua ngebuzzer Jokowi wkwkwk","1909531550481604701","","SilumanPantura","in","Indonesia ","0","2","3","https://x.com/panca66/status/1909531550481604701","82042655","panca66"
"1909390778411237521","Tue Apr 08 08:57:00 +0000 2025","1","@baor23 Wkwkwk ","1909530909340315961","","baor23","in","Indonesia ","0","0","0","https://x.com/panca66/status/1909530909340315961","82042655","panca66"
"1909486050462060931","Tue Apr 08 05:58:45 +0000 2025","2","Mungkin disangka mobilnya haus kali?","1909486050462060931","","","in","Indonesia ","0","0","0","https://x.com/panca66/status/1909486050462060931","82042655","panca66"
"1909053408692347203","Tue Apr 08 05:57:36 +0000 2025","0","@ersmak @mpujayaprema @msaid_didu @say_ulva Nga peduli tapi ikut komen. Ngakak","1909485761084424610","","ersmak","in","Indonesia ","0","1","0","https://x.com/panca66/status/1909485761084424610","82042655","panca66"
"1909053408692347203","Tue Apr 08 05:50:38 +0000 2025","0","@ersmak @mpujayaprema @msaid_didu @say_ulva Dari awal isu itu naik udah dibantah kok sama Jasa Marga. Loe aja yang tetap ngeyel! https://t.co/Wr3iq42BO1","1909484006862635495","https://pbs.twimg.com/media/Gn_ZlYfbwAMkazz.jpg","ersmak","in","Indonesia ","0","1","0","https://x.com/panca66/status/1909484006862635495","82042655","panca66"
"1909053408692347203","Tue Apr 08 05:30:02 +0000 2025","0","@mpujayaprema @msaid_didu @say_ulva Hahaha puang terlalu semangat kalau menyangkut pemerintah. Beliau sekarang oposisi sejati. Walau udah ada bantahan beliau pura2 nga tahu twit saya","1909478824800117175","","mpujayaprema","in","Indonesia ","0","0","0","https://x.com/panca66/status/1909478824800117175","82042655","panca66"
"1909053408692347203","Tue Apr 08 04:21:21 +0000 2025","3","@msaid_didu @say_ulva Udah dibantah sm Kementerian BUMN. Puang terlalu bersemangat jadi lupa cross check wkwkwk https://t.co/TFzPWu3AHS","1909461538735599956","","msaid_didu","in","Indonesia ","0","1","3","https://x.com/panca66/status/1909461538735599956","82042655","panca66"
"1908203053578379326","Fri Apr 04 17:00:35 +0000 2025","3","Gile Indonesia menang lawan Korea ","1908203053578379326","","","in","Indonesia ","1","2","1","https://x.com/panca66/status/1908203053578379326","82042655","panca66"
"1908160111023116770","Fri Apr 04 14:21:16 +0000 2025","1","@Partono_ADjem @msaid_didu Ikutan aja loe","1908162960926871807","","Partono_ADjem","in","Indonesia ","0","1","0","https://x.com/panca66/status/1908162960926871807","82042655","panca66"
"1908160111023116770","Fri Apr 04 14:20:50 +0000 2025","0","@soulofdanny_ @msaid_didu Benar","1908162849823977518","","soulofdanny_","in","Indonesia ","0","0","0","https://x.com/panca66/status/1908162849823977518","82042655","panca66"
"1908156065902211317","Fri Apr 04 14:20:33 +0000 2025","1","@rachardiana_ayu Lebay","1908162781368758697","","rachardiana_ayu","en","Indonesia ","0","0","0","https://x.com/panca66/status/1908162781368758697","82042655","panca66"
"1908160396667900221","Fri Apr 04 14:19:59 +0000 2025","0","@msaid_didu Fakta bukan katanya ","1908162636845613505","","msaid_didu","in","Indonesia ","0","0","0","https://x.com/panca66/status/1908162636845613505","82042655","panca66"
"1908160111023116770","Fri Apr 04 14:09:57 +0000 2025","3","Udah mau bubar nih klub. Pemiliknya lagi sibuk di Indonesia @msaid_didu","1908160111023116770","","","in","Indonesia ","1","2","1","https://x.com/panca66/status/1908160111023116770","82042655","panca66"
"1908156065902211317","Fri Apr 04 14:02:25 +0000 2025","0","@soulofdanny_ Cocok perasaan","1908158216326037922","","soulofdanny_","in","Indonesia ","0","1","0","https://x.com/panca66/status/1908158216326037922","82042655","panca66"
"1908156065902211317","Fri Apr 04 13:53:52 +0000 2025","0","Kevin de Bruyne pindah kemana ya?","1908156065902211317","","","in","Indonesia ","0","4","0","https://x.com/panca66/status/1908156065902211317","82042655","panca66"
"1908112339309674987","Fri Apr 04 11:00:07 +0000 2025","1","Real war","1908112339309674987","","","en","Indonesia ","0","0","0","https://x.com/panca66/status/1908112339309674987","82042655","panca66"
"1908076390941155668","Fri Apr 04 08:37:16 +0000 2025","3","Mantap tum","1908076390941155668","","","in","Indonesia ","0","0","0","https://x.com/panca66/status/1908076390941155668","82042655","panca66"
"1908018494400045473","Fri Apr 04 04:47:12 +0000 2025","8","Baru tahu dubes Indonesia untuk Amerika masih kosong sejak dubes Rosan dilantik jadi menteri Investasi. Dalam pengangkatan 31 dubes terakhir kursi dubes Amerika juga dibiarkan kosong!","1908018494400045473","","","in","Indonesia ","0","1","3","https://x.com/panca66/status/1908018494400045473","82042655","panca66"
"1908013006413508720","Fri Apr 04 04:45:03 +0000 2025","1","@caknawa @msaid_didu Hahaha saya kan bukan jenderal cak","1908017949908283879","","caknawa","in","Indonesia ","0","0","0","https://x.com/panca66/status/1908017949908283879","82042655","panca66"
"1907942558841586136","Thu Apr 03 23:45:28 +0000 2025","7","Kanada merespond perang tarif US dengan rencana menghentikan ekspor listrik ke Amerika. Seru nih! https://t.co/F2V9ydON6b","1907942558841586136","https://pbs.twimg.com/ext_tw_video_thumb/1907942535840018432/pu/img/Paghg6kFef75Od2k.jpg","","in","Indonesia ","1","0","5","https://x.com/panca66/status/1907942558841586136","82042655","panca66"
"1907600810378408159","Thu Apr 03 01:09:55 +0000 2025","0","@pemudaidamanid Ngakak","1907601423514394970","","pemudaidamanid","in","Indonesia ","0","1","0","https://x.com/panca66/status/1907601423514394970","82042655","panca66"
"1907315854808875464","Wed Apr 02 08:03:27 +0000 2025","0","@mas_djono @AsepWitoko Cocok perasaan wkwkwk","1907343104199287193","","mas_djono","in","Indonesia ","0","0","0","https://x.com/panca66/status/1907343104199287193","82042655","panca66"
"1907315854808875464","Wed Apr 02 07:43:26 +0000 2025","0","@mas_djono @AsepWitoko Ciyan ya mas hahaha","1907338067049885738","","mas_djono","in","Indonesia ","0","1","0","https://x.com/panca66/status/1907338067049885738","82042655","panca66"
"1907318016951599359","Wed Apr 02 07:42:21 +0000 2025","0","@suryadelalu Biasa cah nom","1907337794277789784","","suryadelalu","in","Indonesia ","0","0","0","https://x.com/panca66/status/1907337794277789784","82042655","panca66"
"1907315854808875464","Wed Apr 02 07:42:10 +0000 2025","0","@AsepWitoko @mas_djono Wkwkwk cah nom dah pasrah","1907337748085887420","","AsepWitoko","in","Indonesia ","0","0","0","https://x.com/panca66/status/1907337748085887420","82042655","panca66"
"1907317434757054477","Wed Apr 02 06:21:27 +0000 2025","3","Benar polisi nga berhak menyita mobil punya rakyat. Kalau polisi bablas kita minta kebijakan yang memberi kewenangan polisi balikin aja ke pemda. Polisi kebanyakan kewenangan!","1907317434757054477","","","in","Indonesia ","0","1","2","https://x.com/panca66/status/1907317434757054477","82042655","panca66"
"1907315854808875464","Wed Apr 02 06:15:10 +0000 2025","3","Dikalahin mantan tuh sakitnya disini wkwkwk @mas_djono @AsepWitoko https://t.co/RsGglG2Rlf","1907315854808875464","https://pbs.twimg.com/media/GnglqDfaAAAq9sy.jpg","","in","Indonesia ","0","2","1","https://x.com/panca66/status/1907315854808875464","82042655","panca66"
"1904666345498890483","Tue Mar 25 22:46:58 +0000 2025","0","Ngakak ","1904666345498890483","","","in","Indonesia ","0","0","0","https://x.com/panca66/status/1904666345498890483","82042655","panca66"
"1904574366161264935","Tue Mar 25 16:50:42 +0000 2025","1","@Top8rendusara Jangan gitu dong wkwkwk","1904576689583333707","","Top8rendusara","in","Indonesia ","0","0","0","https://x.com/panca66/status/1904576689583333707","82042655","panca66"
"1904574366161264935","Tue Mar 25 16:41:28 +0000 2025","3","Pemain ke 12 #TimnasDay #WeBelieve #KitaHarusMenang https://t.co/pwhFsrHOs4","1904574366161264935","https://pbs.twimg.com/media/Gm5oSFibYAAXs6E.jpg","","in","Indonesia ","0","1","2","https://x.com/panca66/status/1904574366161264935","82042655","panca66"
"1904458101132263514","Tue Mar 25 09:50:15 +0000 2025","0","@MIrvanDarwin1 @Top8rendusara @erickthohir Sabar kalau kata bang AA","1904470880463512046","","MIrvanDarwin1","in","Indonesia ","0","1","0","https://x.com/panca66/status/1904470880463512046","82042655","panca66"
"1904458684333502854","Tue Mar 25 09:01:48 +0000 2025","0","Behahaha","1904458684333502854","","","nl","Indonesia ","0","1","0","https://x.com/panca66/status/1904458684333502854","82042655","panca66"
"1903953619512336736","Tue Mar 25 08:50:13 +0000 2025","0","@Top8rendusara @PDemokrat Hahaha sabar","1904455770588262641","","Top8rendusara","tl","Indonesia ","0","0","0","https://x.com/panca66/status/1904455770588262641","82042655","panca66"
"1904455660873379905","Tue Mar 25 08:49:47 +0000 2025","3","Demokrat setuju tidak ada operasi yustisi usai lebaran @RAMujiyono https://t.co/0QMFYCRQE1","1904455660873379905","","","in","Indonesia ","1","0","6","https://x.com/panca66/status/1904455660873379905","82042655","panca66"
"1904429159507734679","Tue Mar 25 07:43:18 +0000 2025","0","@__convex ","1904438930860318742","","soulofdanny_","qme","Indonesia ","0","0","0","https://x.com/panca66/status/1904438930860318742","82042655","panca66"
"1904429159507734679","Tue Mar 25 07:41:38 +0000 2025","0","@__convex Biasa cah nom","1904438512851489216","","soulofdanny_","in","Indonesia ","0","1","0","https://x.com/panca66/status/1904438512851489216","82042655","panca66"
"1904429159507734679","Tue Mar 25 07:31:55 +0000 2025","1","@aagunawan_ Dah pensiun","1904436065223712979","","aagunawan_","in","Indonesia ","0","0","0","https://x.com/panca66/status/1904436065223712979","82042655","panca66"
"1903953619512336736","Tue Mar 25 07:05:30 +0000 2025","0","@Top8rendusara @PDemokrat Hahaha. Btw sorry ye dapat tiket bolanya cuma 1 brayy","1904429418254414086","","Top8rendusara","in","Indonesia ","0","1","0","https://x.com/panca66/status/1904429418254414086","82042655","panca66"
"1904429159507734679","Tue Mar 25 07:04:28 +0000 2025","6","Indonesia vs Bahrain. Harus menang #TimnasDay https://t.co/Q2O5bHMc3k","1904429159507734679","https://pbs.twimg.com/ext_tw_video_thumb/1876155962161299456/pu/img/ExPyeP9Y-lvdF6NT.jpg","","in","Indonesia ","0","2","2","https://x.com/panca66/status/1904429159507734679","82042655","panca66"
"1903953619512336736","Tue Mar 25 04:54:41 +0000 2025","0","@GunartoSopawiro @PDemokrat Scroll aja TL saya","1904396496604451294","","GunartoSopawiro","in","Indonesia ","0","0","0","https://x.com/panca66/status/1904396496604451294","82042655","panca66"
"1904396106412560473","Tue Mar 25 04:53:08 +0000 2025","0","Zamane lagi susah. Bisnis harus bisa menyenangkan konsumen. Bukan begitu pak bewok @MIrvanDarwin1 ? https://t.co/1BQMT57u8a","1904396106412560473","https://pbs.twimg.com/media/Gm3GKrCbkAAcEab.jpg","","in","Indonesia ","1","0","2","https://x.com/panca66/status/1904396106412560473","82042655","panca66"
"1904329937869480087","Tue Mar 25 02:38:29 +0000 2025","0","@Bolulegit1 Kalah ya kalah aja. Mana ada kalah terhormat!","1904362221595165138","","Bolulegit1","in","Indonesia ","0","0","0","https://x.com/panca66/status/1904362221595165138","82042655","panca66"
"1904308637943960025","Mon Mar 24 23:05:34 +0000 2025","3","Takut kalah nih pelatih Bahrain!","1904308637943960025","","","in","Indonesia ","1","2","0","https://x.com/panca66/status/1904308637943960025","82042655","panca66"
"1903919370973405275","Mon Mar 24 21:10:56 +0000 2025","0","@SBaigin @AgusYudhoyono @PDemokrat Thx u","1904279789923622996","","SBaigin","en","Indonesia ","0","0","0","https://x.com/panca66/status/1904279789923622996","82042655","panca66"
"1904094302579667387","Mon Mar 24 09:54:20 +0000 2025","0","@Top8rendusara @MIrvanDarwin1 @PDemokrat @PatrickKluivert @Rheina2203 Wkwkwk si Irfan pengen nangkap cewek dapatnya semangka","1904109518331765202","","Top8rendusara","in","Indonesia ","0","1","0","https://x.com/panca66/status/1904109518331765202","82042655","panca66"
"1903942163945476598","Mon Mar 24 06:17:05 +0000 2025","0","@UmarHasibuan__ @Andiarief__ Ngeri opung","1904054846535434605","","UmarHasibuan__","in","Indonesia ","0","0","0","https://x.com/panca66/status/1904054846535434605","82042655","panca66"
"1904051526068473886","Mon Mar 24 06:03:54 +0000 2025","0","Kejutannya Indonesia kalah lagi","1904051526068473886","","","in","Indonesia ","0","0","1","https://x.com/panca66/status/1904051526068473886","82042655","panca66"
"1903663162173583538","Sun Mar 23 04:20:40 +0000 2025","0","Cisss","1903663162173583538","","","qst","Indonesia ","0","0","0","https://x.com/panca66/status/1903663162173583538","82042655","panca66"
"1903571720826704138","Sun Mar 23 02:08:11 +0000 2025","1","@MIrvanDarwin1 ","1903629819839226060","","MIrvanDarwin1","qme","Indonesia ","0","0","0","https://x.com/panca66/status/1903629819839226060","82042655","panca66"
"1903491916962172990","Sat Mar 22 17:10:25 +0000 2025","0","@__convex Karena dia emanf cocok pake jersey belang2 #NoDebat","1903494486438957098","","soulofdanny_","in","Indonesia ","0","1","0","https://x.com/panca66/status/1903494486438957098","82042655","panca66"
"1903491916962172990","Sat Mar 22 17:09:37 +0000 2025","0","@Top8rendusara Cocok perasaan","1903494284302852138","","Top8rendusara","in","Indonesia ","0","0","0","https://x.com/panca66/status/1903494284302852138","82042655","panca66"
"1903491916962172990","Sat Mar 22 17:00:12 +0000 2025","9","Pantes ini yang bikin sial","1903491916962172990","","","in","Indonesia ","1","7","3","https://x.com/panca66/status/1903491916962172990","82042655","panca66"
"1903481103056502913","Sat Mar 22 16:17:14 +0000 2025","4","Prof Kiki salah itu mbak. Ada aturan UU Polri No. 2 tahun 2002 pasal 28 ayat 3 menyatakan pejabat dari kepolisian dapat menduduki jabatan di luar kepolisian setelah mengundurkan diri dari kepolisian. https://t.co/1WtxPVMTx2","1903481103056502913","https://pbs.twimg.com/media/GmqF-fiawAA9Dj_.jpg","","in","Indonesia ","0","0","5","https://x.com/panca66/status/1903481103056502913","82042655","panca66"
"1903359570531197151","Sat Mar 22 08:14:18 +0000 2025","4","Kalau nyimak komen2nya pantas sih warga +62 IQ nya 78. Komisi disini langsung diartikan komisi duit. Cuma karena pakai kata bangsat di akhir kalimat itu menggiring followers IQ 78 untuk langsung marah!","1903359570531197151","","","in","Indonesia ","0","4","3","https://x.com/panca66/status/1903359570531197151","82042655","panca66"
"1903091501816746046","Sat Mar 22 03:21:12 +0000 2025","65","@soeyoto1 Nyebelin ya. Pakai lihat proses segala. Itu kebantai 5 - 1 dodol. Kok masih berani ngomong begitu di tv ya?","1903285808620036174","","soeyoto1","in","Indonesia ","0","4","9","https://x.com/panca66/status/1903285808620036174","82042655","panca66"
"1903216710385016986","Sat Mar 22 03:14:18 +0000 2025","0","@amirsyamsudin @prabowo Itu kata kepala komunikasi presiden pak Amir","1903284072711065644","","amirsyamsudin","in","Indonesia ","0","0","0","https://x.com/panca66/status/1903284072711065644","82042655","panca66"
"1903270143360373169","Sat Mar 22 02:21:57 +0000 2025","0","@ardi_wm Kalau kata bung Haye cemen wkwkwk","1903270895332004302","","ardi_wm","in","Indonesia ","0","1","0","https://x.com/panca66/status/1903270895332004302","82042655","panca66"
"1903270549578715325","Sat Mar 22 02:21:23 +0000 2025","0","@mush4r Ampunn wkwkwk","1903270755636477972","","mush4r","in","Indonesia ","0","0","1","https://x.com/panca66/status/1903270755636477972","82042655","panca66"
"1903270143360373169","Sat Mar 22 02:18:57 +0000 2025","1","Sayang lho followers 243 K ditinggal begitu aja hahaha","1903270143360373169","","","in","Indonesia ","1","1","0","https://x.com/panca66/status/1903270143360373169","82042655","panca66"
"1903226288221065274","Sat Mar 22 02:14:14 +0000 2025","0","@SateTong Hahaha","1903268953037869468","","SateTong","tl","Indonesia ","0","0","0","https://x.com/panca66/status/1903268953037869468","82042655","panca66"
"1903230575735083287","Fri Mar 21 23:59:59 +0000 2025","0","@UmarHasibuan__ @prabowo Sabar pung","1903235168422502848","","UmarHasibuan__","in","Indonesia ","0","0","0","https://x.com/panca66/status/1903235168422502848","82042655","panca66"
"1903234154248208557","Fri Mar 21 23:55:57 +0000 2025","14","DPR berani nga minta polisi yang menduduki jabatan sipil mundur dari Polri? Sesuai UU No. 2/ 2002 ttg Polri Pasal 28 Ayat 3 ditegaskan : bhw setiap Anggota Polri yg menduduki Jabatan Sipil diluar Polri juga HARUS PENSIUN DINI. Tapi semua orang seperti terdiam soal ini! https://t.co/aA87ZJyLpV","1903234154248208557","https://pbs.twimg.com/media/GmmlYLGaEAAn_HZ.jpg","","in","Indonesia ","1","0","14","https://x.com/panca66/status/1903234154248208557","82042655","panca66"
"1903228770682798571","Fri Mar 21 23:34:33 +0000 2025","0","Thomas Tuchel dan Lewis Skelly sukses di laga debutnya. Patrick Kluivert dan Ole Romeni amsiong di laga debut!","1903228770682798571","","","in","Indonesia ","0","0","0","https://x.com/panca66/status/1903228770682798571","82042655","panca66"
"1903226288221065274","Fri Mar 21 23:24:42 +0000 2025","2","Mau2an Rexona bayarin gerombolan si botak hahaha","1903226288221065274","","","in","Indonesia ","1","1","2","https://x.com/panca66/status/1903226288221065274","82042655","panca66"
"1903216710385016986","Fri Mar 21 23:06:26 +0000 2025","0","@SeparuhAku_Babu @prabowo Benar","1903221692341817590","","SeparuhAku_Babu","in","Indonesia ","0","0","0","https://x.com/panca66/status/1903221692341817590","82042655","panca66"
"1903221613040112104","Fri Mar 21 23:06:07 +0000 2025","1","Masa gara2 kalah pilpres aja doain orang kekal di neraka? Aya2 wae sampean!!","1903221613040112104","","","in","Indonesia ","0","0","0","https://x.com/panca66/status/1903221613040112104","82042655","panca66"
"1903216710385016986","Fri Mar 21 22:46:38 +0000 2025","16","Tuh pak @prabowo minta komunikasi pejabat ke rakyat diperbaiki https://t.co/NWKBeubjhO Prabowo menginstruksikan jajaran Kabinet Merah Putih untuk memperbaiki komunikasi ke rakyat. Prabowo menilai banyak terobosan namun komunikasi ke rakyat kurang.","1903216710385016986","","","in","Indonesia ","1","11","12","https://x.com/panca66/status/1903216710385016986","82042655","panca66"
"1903214152686174292","Fri Mar 21 22:36:28 +0000 2025","6","Saya dapat beberapa wa dari kawan tentang jawaban asal2an Kepala Komunikasi Kepresidenan. Mereka mengeluhkan jawaban yang tidak profesional dari kepala PCO. Ya saya jawab aja ya ndak tahu kok tanya saya!","1903214152686174292","","","in","Indonesia ","0","0","0","https://x.com/panca66/status/1903214152686174292","82042655","panca66"
"1902913639549698153","Fri Mar 21 09:27:22 +0000 2025","0","@_haye_ Kalau antum ganas di TL bukan di lapangan","1903015567319302362","","_haye_","in","Indonesia ","0","0","0","https://x.com/panca66/status/1903015567319302362","82042655","panca66"
"1902984447986708497","Fri Mar 21 07:31:38 +0000 2025","0","@UmarHasibuan__ ","1902986443435524479","","UmarHasibuan__","qme","Indonesia ","0","0","0","https://x.com/panca66/status/1902986443435524479","82042655","panca66"
"1902984447986708497","Fri Mar 21 07:27:25 +0000 2025","1","@UmarHasibuan__ Saya nga kenal sih pung kalau kenal saya akan bilang ke dia biar nga dapat2 piala kayak Arsenal hahaha","1902985384092684792","","UmarHasibuan__","in","Indonesia ","0","1","0","https://x.com/panca66/status/1902985384092684792","82042655","panca66"
"1902984447986708497","Fri Mar 21 07:23:42 +0000 2025","2","Oh bukannya dia coach kesayangan opung? ","1902984447986708497","","","in","Indonesia ","0","1","0","https://x.com/panca66/status/1902984447986708497","82042655","panca66"
"1902975049277247783","Fri Mar 21 07:15:11 +0000 2025","0","@victornnn123 @Uki23 @sigitwid @DedynurPalakka Raja Juli aja yang jejak digitalnya hancur banget bisa jadi menteri. Masa nakut2in adek yang iseng aja sama jejak digital @kamto_adi","1902982301832581268","","victornnn123","in","Indonesia ","0","0","0","https://x.com/panca66/status/1902982301832581268","82042655","panca66"
"1902975049277247783","Fri Mar 21 07:13:03 +0000 2025","1","@victornnn123 Sabar wkwkwk","1902981765733794233","","victornnn123","in","Indonesia ","0","0","0","https://x.com/panca66/status/1902981765733794233","82042655","panca66"
"1902973844597641616","Fri Mar 21 06:47:14 +0000 2025","0","@Partono_ADjem Can't agree more. Ngakak!","1902975268110864530","","Partono_ADjem","in","Indonesia ","0","0","0","https://x.com/panca66/status/1902975268110864530","82042655","panca66"
"1902975049277247783","Fri Mar 21 06:46:21 +0000 2025","124","Bohong loe. Itu anak2 PSI jejak digitalnya pada hancur bisa dapat jabatan semua. Bahkan mereka sempat kasih award kebohongan untuk Prabowo Sandi Uno dan Andi Arief. Nga ngaruh itu jejak digital!","1902975049277247783","","","in","Indonesia ","4","14","69","https://x.com/panca66/status/1902975049277247783","82042655","panca66"
"1902944751114129540","Fri Mar 21 06:40:42 +0000 2025","0","@Partono_ADjem Ya emang rebutan lapak kok cuma masing2 malu ngakuin ","1902973627366248541","","Partono_ADjem","in","Indonesia ","0","1","0","https://x.com/panca66/status/1902973627366248541","82042655","panca66"
"1902944751114129540","Fri Mar 21 06:33:00 +0000 2025","0","@Partono_ADjem Di kementerian KKP aja ada 3 jenderal paling tidak. Nga ada yang protes. Semua diam. Mulyono memang merusak betul dia bebasin polisi mau apa aja!","1902971687714640161","","Partono_ADjem","in","Indonesia ","0","2","0","https://x.com/panca66/status/1902971687714640161","82042655","panca66"
"1902970344069271794","Fri Mar 21 06:27:40 +0000 2025","4","DPR beraninya sama TNI doang sama Polri pada diam. Padahal Polri banyak sekali pejabat aktifnya mengisi posisi sipil!","1902970344069271794","","","in","Indonesia ","1","0","6","https://x.com/panca66/status/1902970344069271794","82042655","panca66"
"1902946662261329978","Fri Mar 21 05:46:02 +0000 2025","0","@Top8rendusara @tirta_cipeng Biasa netizen itu emang modal congor aja ","1902959868358852999","","Top8rendusara","in","Indonesia ","0","0","0","https://x.com/panca66/status/1902959868358852999","82042655","panca66"
"1902946662261329978","Fri Mar 21 05:04:43 +0000 2025","0","@Top8rendusara @tirta_cipeng Australia juga mecat pelatih tuh Graham Arnold diganti Toni Popovich","1902949468884046050","","Top8rendusara","in","Indonesia ","0","1","1","https://x.com/panca66/status/1902949468884046050","82042655","panca66"
"1902948252011708699","Fri Mar 21 04:59:53 +0000 2025","2","Ini sama dengan bacot Fahri Hamzah kalau dia jadi presiden 2 tahun korupsi hilang hahaha","1902948252011708699","","","in","Indonesia ","0","0","2","https://x.com/panca66/status/1902948252011708699","82042655","panca66"
"1902913978575229063","Fri Mar 21 04:56:48 +0000 2025","0","@chila_wl Ya ndak tahu kok tanya saya","1902947479060091128","","chila_wl","in","Indonesia ","0","1","0","https://x.com/panca66/status/1902947479060091128","82042655","panca66"
"1902944751114129540","Fri Mar 21 04:48:54 +0000 2025","0","@afathngantuk Benar","1902945488866803713","","afathngantuk","in","Indonesia ","0","0","0","https://x.com/panca66/status/1902945488866803713","82042655","panca66"
"1902944751114129540","Fri Mar 21 04:45:58 +0000 2025","4","Polisi anteng2 aja nga mundur tuh menjabat hampir di semua K/L!","1902944751114129540","","","in","Indonesia ","0","3","1","https://x.com/panca66/status/1902944751114129540","82042655","panca66"
"1902913639549698153","Fri Mar 21 03:53:38 +0000 2025","0","@suryadelalu Benar hahaha","1902931579967770746","","suryadelalu","in","Indonesia ","0","0","0","https://x.com/panca66/status/1902931579967770746","82042655","panca66"
"1902930170073502129","Fri Mar 21 03:48:01 +0000 2025","0","Ini bodoh2an aja nga usah Puan lah yang ngomong begini. Penyebabnya ya karena barangnya laku dijual lah wkwkwk https://t.co/uFJAIj4PlR","1902930170073502129","","","in","Indonesia ","0","0","0","https://x.com/panca66/status/1902930170073502129","82042655","panca66"
"1902676360809877765","Thu Mar 20 10:59:29 +0000 2025","2","Ramadan Sananta kok bisa dipakai ya?","1902676360809877765","","","in","Indonesia ","1","0","0","https://x.com/panca66/status/1902676360809877765","82042655","panca66"
"1902674616004260175","Thu Mar 20 10:52:33 +0000 2025","3","Lumayan Ole Romeny","1902674616004260175","","","in","Indonesia ","0","1","0","https://x.com/panca66/status/1902674616004260175","82042655","panca66"
"1902670304289370471","Thu Mar 20 10:35:25 +0000 2025","8","Goblok Kluivert nga berani ganti Tom Haye dan Tjoe A On","1902670304289370471","","","in","Indonesia ","2","2","1","https://x.com/panca66/status/1902670304289370471","82042655","panca66"
"1902666242961604625","Thu Mar 20 10:19:16 +0000 2025","4","Pelatih goblok @PatrickKluivert nga berani ganti pemain dalam posisi tertinggal #KluivertOut","1902666242961604625","","","in","Indonesia ","0","4","0","https://x.com/panca66/status/1902666242961604625","82042655","panca66"
"1902664730185216179","Thu Mar 20 10:14:51 +0000 2025","1","@MIrvanDarwin1 Hancurrr","1902665130069922152","","MIrvanDarwin1","in","Indonesia ","0","1","0","https://x.com/panca66/status/1902665130069922152","82042655","panca66"
"1902657857809686925","Thu Mar 20 10:10:57 +0000 2025","0","@Faridchenko Sabar","1902664149534228580","","Faridchenko","es","Indonesia ","0","1","0","https://x.com/panca66/status/1902664149534228580","82042655","panca66"
"1902662343005495560","Thu Mar 20 10:10:38 +0000 2025","1","@nirwan_anestesi Nga guna juga STY wkwkwk","1902664069095833653","","nirwan_anestesi","in","Indonesia ","0","1","0","https://x.com/panca66/status/1902664069095833653","82042655","panca66"
"1902663720582738293","Thu Mar 20 10:09:15 +0000 2025","1","Ganti Kevin Diks masukin Jordi Amat. Tjoe A On dan Tom Haye ganti sama Ivar Jenner dan Sandy Walsh #TimnasDay","1902663720582738293","","","in","Indonesia ","0","0","0","https://x.com/panca66/status/1902663720582738293","82042655","panca66"
"1902662343005495560","Thu Mar 20 10:03:46 +0000 2025","4","Gara2 penalti Kevin Diks nga masuk jadi rusak permainan timnas","1902662343005495560","","","in","Indonesia ","1","1","0","https://x.com/panca66/status/1902662343005495560","82042655","panca66"
"1902632681705500706","Thu Mar 20 10:02:01 +0000 2025","0","@__convex Insha Allah","1902661899545948430","","soulofdanny_","in","Indonesia ","0","1","0","https://x.com/panca66/status/1902661899545948430","82042655","panca66"
"1902657857809686925","Thu Mar 20 09:45:57 +0000 2025","2","Ganti Tom Haye dan Tjo A On","1902657857809686925","","","ht","Indonesia ","2","3","0","https://x.com/panca66/status/1902657857809686925","82042655","panca66"
"1902651650860515775","Thu Mar 20 09:21:17 +0000 2025","2","Penalti nga gol #TimnasDay","1902651650860515775","","","in","Indonesia ","0","0","0","https://x.com/panca66/status/1902651650860515775","82042655","panca66"
"1902650300365951234","Thu Mar 20 09:15:55 +0000 2025","1","Bang Jay hampir goal #TimnasDay","1902650300365951234","","","in","Indonesia ","0","0","0","https://x.com/panca66/status/1902650300365951234","82042655","panca66"
"1902633569039839571","Thu Mar 20 08:09:26 +0000 2025","2","Istirahat dulu nonton bola jangan ngurus yang lain dulu mblo #TimnasDay","1902633569039839571","","","in","Indonesia ","0","0","0","https://x.com/panca66/status/1902633569039839571","82042655","panca66"
"1902632681705500706","Thu Mar 20 08:05:55 +0000 2025","1","Menyala abangku","1902632681705500706","","","in","Indonesia ","0","2","1","https://x.com/panca66/status/1902632681705500706","82042655","panca66"
"1902578598516830227","Thu Mar 20 04:47:24 +0000 2025","0","@MIrvanDarwin1 Wkwkwk ada foto anak gawangnya?","1902582725686771913","","MIrvanDarwin1","in","Indonesia ","0","1","0","https://x.com/panca66/status/1902582725686771913","82042655","panca66"
"1902568895065813034","Thu Mar 20 03:56:17 +0000 2025","0","@UmarHasibuan__ @Top8rendusara Udah gitu norak ternyata pung wkwkwk","1902569861462806937","","UmarHasibuan__","in","Indonesia ","0","0","0","https://x.com/panca66/status/1902569861462806937","82042655","panca66"
"1902568895065813034","Thu Mar 20 03:52:27 +0000 2025","1","Si Justin pengamat favorit opung @UmarHasibuan__ nih cc @Top8rendusara https://t.co/7ADTsAeNaU https://t.co/QTPvkusBTt","1902568895065813034","https://pbs.twimg.com/ext_tw_video_thumb/1902568858281766912/pu/img/QgDJvC8xUKOmuwFe.jpg","","in","Indonesia ","0","1","0","https://x.com/panca66/status/1902568895065813034","82042655","panca66"
"1902564572482998360","Thu Mar 20 03:35:16 +0000 2025","2","Udah tua kagetan nanti bahaya lho","1902564572482998360","","","in","Indonesia ","0","0","0","https://x.com/panca66/status/1902564572482998360","82042655","panca66"
"1902555717535666609","Thu Mar 20 03:00:05 +0000 2025","9","Santai banget pemain timnas pagi ini menikmati suasana Sidney. Yakin menang! #TimnasDay https://t.co/J17hOdT5Fd https://t.co/m6tKumO9ye","1902555717535666609","https://pbs.twimg.com/ext_tw_video_thumb/1902555659713048576/pu/img/Yw60D5hCNcRVptpd.jpg","","in","Indonesia ","0","1","2","https://x.com/panca66/status/1902555717535666609","82042655","panca66"
"1902549245074477233","Thu Mar 20 02:34:22 +0000 2025","1","We believe. Insha Allah menang! #TimnasDay https://t.co/KVUBJDzbFg https://t.co/e35wAN1lDB","1902549245074477233","https://pbs.twimg.com/ext_tw_video_thumb/1902549214972063744/pu/img/e7r18dRPtYMlVNm_.jpg","","in","Indonesia ","1","0","2","https://x.com/panca66/status/1902549245074477233","82042655","panca66"
"1902303092970029519","Wed Mar 19 10:16:15 +0000 2025","7","Waduh kamtornya @febridiansyah nih","1902303092970029519","","","in","Indonesia ","0","2","8","https://x.com/panca66/status/1902303092970029519","82042655","panca66"
"1902200693882286323","Wed Mar 19 09:30:04 +0000 2025","0","@caknawa Gratisin itu lebih mantap cak hahaha","1902291472226873792","","caknawa","in","Indonesia ","0","0","0","https://x.com/panca66/status/1902291472226873792","82042655","panca66"
"1902260962155286945","Wed Mar 19 07:35:49 +0000 2025","0","@Andiarief__ @UmarHasibuan__ Tali kolor saya yang merosot om wkwkwk","1902262720482963890","","Andiarief__","in","Indonesia ","0","0","0","https://x.com/panca66/status/1902262720482963890","82042655","panca66"
"1902257322199773421","Wed Mar 19 07:14:22 +0000 2025","0","Israel babi!","1902257322199773421","","","en","Indonesia ","0","0","2","https://x.com/panca66/status/1902257322199773421","82042655","panca66"
"1902227142210961553","Wed Mar 19 05:44:26 +0000 2025","1","@UmarHasibuan__ @Andiarief__ Fans Senal emang banyak yang aneh2 pung wkwkwk","1902234689123012717","","UmarHasibuan__","in","Indonesia ","0","0","0","https://x.com/panca66/status/1902234689123012717","82042655","panca66"
"1902227142210961553","Wed Mar 19 05:29:33 +0000 2025","0","@UmarHasibuan__ @Andiarief__ Lagian opung salah juga ngapain komen Justinus kurang kerjaan apa wkwkwk","1902230943253066103","","UmarHasibuan__","in","Indonesia ","0","1","0","https://x.com/panca66/status/1902230943253066103","82042655","panca66"
"1902214725473312835","Wed Mar 19 04:35:42 +0000 2025","1","Nga ada yang berisikin tuh. Aman mah malah nanti dipuja-puja sama anak abai wkwkwk","1902217391657861294","","panca66","in","Indonesia ","0","1","0","https://x.com/panca66/status/1902217391657861294","82042655","panca66"
"1902214725473312835","Wed Mar 19 04:25:06 +0000 2025","2","Ngalah2in jumlah stafsus presiden","1902214725473312835","","","in","Indonesia ","0","2","2","https://x.com/panca66/status/1902214725473312835","82042655","panca66"
"1902200693882286323","Wed Mar 19 03:29:21 +0000 2025","15","Wuih mantap nih kang Dedi Mulyadi membebaskan tunggakan pajak kendaraan bermotor warga Jabar cc @caknawa https://t.co/RrT90PnkuU","1902200693882286323","https://pbs.twimg.com/ext_tw_video_thumb/1902200639326924800/pu/img/P16HPfBwWYa-3j9r.jpg","","in","Indonesia ","2","2","3","https://x.com/panca66/status/1902200693882286323","82042655","panca66"
"1901920765735571642","Tue Mar 18 08:57:01 +0000 2025","1","https://t.co/YeNB1lQXfU","1901920765735571642","","","zxx","Indonesia ","0","0","1","https://x.com/panca66/status/1901920765735571642","82042655","panca66"
"1901834651007893687","Tue Mar 18 03:19:06 +0000 2025","1","@Partono_ADjem @nongandah Ngakak","1901835726305865954","","Partono_ADjem","in","Indonesia ","0","0","0","https://x.com/panca66/status/1901835726305865954","82042655","panca66"
"1901491172109103165","Mon Mar 17 20:33:48 +0000 2025","1","@caknawa @Taufiq_BossKopi @PDemokrat @OssyDermawan @pemudaidamanid @jansen_jsp @fikialman_ @syahrial_nst Wuih mantap cak. Salam balik untuk gubernur Banten ya?","1901733729057587491","","caknawa","in","Indonesia ","0","0","1","https://x.com/panca66/status/1901733729057587491","82042655","panca66"
"1901604694163902788","Mon Mar 17 14:38:40 +0000 2025","2","@JantunGPiisanG Biasa cah nom","1901644357515546965","","JantunGPiisanG","in","Indonesia ","0","1","0","https://x.com/panca66/status/1901644357515546965","82042655","panca66"
"1901514170031603768","Mon Mar 17 07:06:55 +0000 2025","0","@macanutara_ Pasti menang nih lawan Asutralia","1901530671455355035","","macanutara_","in","Indonesia ","0","0","0","https://x.com/panca66/status/1901530671455355035","82042655","panca66"
"1901514170031603768","Mon Mar 17 06:01:21 +0000 2025","0","Ngeri kalau bung AA udah takbir ","1901514170031603768","","","in","Indonesia ","0","1","0","https://x.com/panca66/status/1901514170031603768","82042655","panca66"
"1901311079193751985","Mon Mar 17 05:52:38 +0000 2025","0","@UmarHasibuan__ Nga jauh beda sama Senal","1901511979380183427","","UmarHasibuan__","in","Indonesia ","0","0","0","https://x.com/panca66/status/1901511979380183427","82042655","panca66"
"1901491172109103165","Mon Mar 17 05:51:46 +0000 2025","0","@gloriahermawan @jansen_jsp @PDemokrat @OssyDermawan @pemudaidamanid @fikialman_ @syahrial_nst @Taufiq_BossKopi Hahaha","1901511760559149112","","gloriahermawan","tl","Indonesia ","0","0","0","https://x.com/panca66/status/1901511760559149112","82042655","panca66"
"1901491172109103165","Mon Mar 17 04:29:58 +0000 2025","28","Dari acara buka puasa bareng @PDemokrat kemarin tim udut foto bareng dulu ada wamen @OssyDermawan pakde @pemudaidamanid lae @jansen_jsp @fikialman_ bang @syahrial_nst @Taufiq_BossKopi dan kawan2 lain https://t.co/d5uwBOzgeU","1901491172109103165","https://pbs.twimg.com/media/GmN0JOabQAAnR3A.jpg","","in","Indonesia ","1","4","7","https://x.com/panca66/status/1901491172109103165","82042655","panca66"
"1900926071371165956","Sat Mar 15 15:08:02 +0000 2025","0","@Partono_ADjem Norak mainnya","1900926973821808693","","Partono_ADjem","in","Indonesia ","0","1","0","https://x.com/panca66/status/1900926973821808693","82042655","panca66"
"1900926071371165956","Sat Mar 15 15:04:27 +0000 2025","6","Loe jangan berlindung di balik akun anonim. Bisa dikejar lho. Hati2 bung. Ini udah melewati batas!","1900926071371165956","","","in","Indonesia ","0","3","2","https://x.com/panca66/status/1900926071371165956","82042655","panca66"
"1900748916569915447","Sat Mar 15 08:05:05 +0000 2025","0","@Top8rendusara @Andiarief__ Sabar","1900820531982852277","","Top8rendusara","es","Indonesia ","0","0","0","https://x.com/panca66/status/1900820531982852277","82042655","panca66"
"1900790314941772057","Sat Mar 15 06:05:00 +0000 2025","1","Beritanya sampai diiklankan?","1900790314941772057","","","in","Indonesia ","0","0","0","https://x.com/panca66/status/1900790314941772057","82042655","panca66"
"1900789788606951547","Sat Mar 15 06:02:55 +0000 2025","1","Gila putaran uang direktur Persiba bandar narkoba https://t.co/7oLdVD7tX1","1900789788606951547","","","in","Indonesia ","0","1","0","https://x.com/panca66/status/1900789788606951547","82042655","panca66"
"1900750416846995615","Sat Mar 15 03:50:59 +0000 2025","1","@Andiarief__ @SayutiRaden2 Aminnn","1900756585565352257","","Andiarief__","en","Indonesia ","0","0","0","https://x.com/panca66/status/1900756585565352257","82042655","panca66"
"1900748916569915447","Sat Mar 15 03:23:27 +0000 2025","1","@Andiarief__ Feeling gue Indonesia menang https://t.co/fLt0wUWfhZ","1900749659678929307","","Andiarief__","in","Indonesia ","1","1","1","https://x.com/panca66/status/1900749659678929307","82042655","panca66"
"1900749118563119113","Sat Mar 15 03:21:18 +0000 2025","10","Ini sampai direskrimnya jadi jenderal kasusnya nga ada perkembangan cuma buat berita aja sampai orang bosan. Iya nga sih?","1900749118563119113","","","in","Indonesia ","1","5","7","https://x.com/panca66/status/1900749118563119113","82042655","panca66"
"1900742758572453972","Sat Mar 15 02:56:02 +0000 2025","4","Kelakuan si @MIrvanDarwin1 waktu masih anak2 begini nih https://t.co/pvQIu43oqP","1900742758572453972","https://pbs.twimg.com/ext_tw_video_thumb/1900742737768706050/pu/img/F55VSmztM0fbfbGz.jpg","","in","Indonesia ","1","0","0","https://x.com/panca66/status/1900742758572453972","82042655","panca66"
"1900526888747208991","Fri Mar 14 21:05:09 +0000 2025","0","@macanutara_ Wkwkwk sabar can","1900654458364662053","","macanutara_","in","Indonesia ","0","0","0","https://x.com/panca66/status/1900654458364662053","82042655","panca66"
"1900461059636683192","Fri Mar 14 21:04:56 +0000 2025","0","@Partono_ADjem Infonya begitu","1900654400223228087","","Partono_ADjem","in","Indonesia ","0","0","0","https://x.com/panca66/status/1900654400223228087","82042655","panca66"
"1900500770694565947","Fri Mar 14 11:01:35 +0000 2025","0","Coba bayangkan uang peredaran narkoba tercatat hampir 4 T per tahun. Anggaran BNN setelah terkena pemotongan tinggal sekitar 1 T per tahun. Kata kawan saya seorang petinggi BNN lama2 ya kalah BNN lawan bandar2 katanya","1900502565277622729","","panca66","in","Indonesia ","0","0","1","https://x.com/panca66/status/1900502565277622729","82042655","panca66"
"1900500770694565947","Fri Mar 14 10:54:27 +0000 2025","6","Status FB saya 9 tahun lalu ketika bupati Ogan Ilir ditangkap BNN karena Narkoba. Walau sudah 9 tahun ternyata tambah relevan dengan kondisi sekarang. Bahaya narkoba lebih bahaya dari teroris! https://t.co/ijEQbSzjs5","1900500770694565947","https://pbs.twimg.com/media/Gl_vYRWbsAAZHRl.jpg","","in","Indonesia ","0","1","2","https://x.com/panca66/status/1900500770694565947","82042655","panca66"
"1900484387826815361","Fri Mar 14 09:49:22 +0000 2025","1","https://t.co/pnhmZzjUO1 *Gagasan ini diinisiasi oleh Menteri Koordinator Bidang Infrastruktur* dan Pembangunan Kewilayahan (Menko IPK) Agus Harimurti Yudhoyono kepada Menekraf melalui aktivasi ruang publik pada Bandara Stasiun Terminal dan Pelabuhan. https://t.co/3cGioHsyrg","1900484387826815361","https://pbs.twimg.com/media/Gl_gdUqbsAAe77w.jpg","","in","Indonesia ","0","1","6","https://x.com/panca66/status/1900484387826815361","82042655","panca66"
"1900438899643847044","Fri Mar 14 08:37:12 +0000 2025","0","@UmarHasibuan__ @Top8rendusara @JalanArsenal Cocok perasaan pung Tope vs Benhan ","1900466227832910286","","UmarHasibuan__","in","Indonesia ","0","1","0","https://x.com/panca66/status/1900466227832910286","82042655","panca66"
"1900461059636683192","Fri Mar 14 08:16:40 +0000 2025","6","Ternyata di luar prediksi BMKG. Sekong doi tenryata bow https://t.co/x96OrkMU3P","1900461059636683192","https://pbs.twimg.com/media/Gl_LQeDbYAA3ORs.jpg","","in","Indonesia ","0","2","1","https://x.com/panca66/status/1900461059636683192","82042655","panca66"
"1900438899643847044","Fri Mar 14 08:16:01 +0000 2025","0","@Top8rendusara @UmarHasibuan__ @JalanArsenal Wkwkwk kelahi terus fans Ipul sama jalan Arsenal","1900460897463918904","","Top8rendusara","in","Indonesia ","0","0","0","https://x.com/panca66/status/1900460897463918904","82042655","panca66"
"1900454328483078209","Fri Mar 14 08:01:42 +0000 2025","0","@Partono_ADjem Kombes Partono bisa ketipu juga wkwkwk","1900457293453680716","","Partono_ADjem","in","Indonesia ","0","0","0","https://x.com/panca66/status/1900457293453680716","82042655","panca66"
"1900454328483078209","Fri Mar 14 07:56:36 +0000 2025","0","@Partono_ADjem Emang dia pernah hebat? Bacot doang mah dia","1900456011674325168","","Partono_ADjem","in","Indonesia ","0","1","0","https://x.com/panca66/status/1900456011674325168","82042655","panca66"
"1900437953471451436","Fri Mar 14 07:54:58 +0000 2025","0","@one_zhaq77 @anwarhafid14 Benar","1900455600565424501","","one_zhaq77","in","Indonesia ","0","0","0","https://x.com/panca66/status/1900455600565424501","82042655","panca66"
